rank_2024,rank_2023,empresa,sede,razao_social,ranking_source,source_url,source_json,retrieved_at
1,,Bradesco Seguros,SP,Bradesco Seguros S.A.,Valor 1000,https://infograficos.valor.globo.com/valor1000/rankings/as-50-maiores-seguradoras-ramos-gerais/2025,https://infovalorbucket.s3.amazonaws.com/arquivos/valor-1000/2025/as-50-maiores-seguradoras-ramos-gerais/Seguros2025.json,2026-08-26
2,1,SulAmérica,RJ,Sul América S.A.,Valor 1000,https://infograficos.valor.globo.com/valor1000/rankings/as-50-maiores-seguradoras-ramos-gerais/2025,https://infovalorbucket.s3.amazonaws.com/arquivos/valor-1000/2025/as-50-maiores-seguradoras-ramos-gerais/Seguros2025.json,2026-08-26
3,2,Porto Seguro,SP,Porto Seguro S.A.,Valor 1000,https://infograficos.valor.globo.com/valor1000/rankings/as-50-maiores-seguradoras-ramos-gerais/2025,https://infovalorbucket.s3.amazonaws.com/arquivos/valor-1000/2025/as-50-maiores-seguradoras-ramos-gerais/Seguros2025.json,2026-08-26
4,3,Mapfre Brasil,SP,Mapfre Brasil Participações S.A.,Valor 1000,https://infograficos.valor.globo.com/valor1000/rankings/as-50-maiores-seguradoras-ramos-gerais/2025,https://infovalorbucket.s3.amazonaws.com/arquivos/valor-1000/2025/as-50-maiores-seguradoras-ramos-gerais/Seguros2025.json,2026-08-26
5,-,Brasilseg,SP,Brasilseg Companhia de Seguros,Valor 1000,https://infograficos.valor.globo.com/valor1000/rankings/as-50-maiores-seguradoras-ramos-gerais/2025,https://infovalorbucket.s3.amazonaws.com/arquivos/valor-1000/2025/as-50-maiores-seguradoras-ramos-gerais/Seguros2025.json,2026-08-26
6,5,Tokio Marine,SP,Tokio Marine Seguradora S.A.,Valor 1000,https://infograficos.valor.globo.com/valor1000/rankings/as-50-maiores-seguradoras-ramos-gerais/2025,https://infovalorbucket.s3.amazonaws.com/arquivos/valor-1000/2025/as-50-maiores-seguradoras-ramos-gerais/Seguros2025.json,2026-08-26
7,6,Allianz Seguros,SP,Allianz Seguros S.A.,Valor 1000,https://infograficos.valor.globo.com/valor1000/rankings/as-50-maiores-seguradoras-ramos-gerais/2025,https://infovalorbucket.s3.amazonaws.com/arquivos/valor-1000/2025/as-50-maiores-seguradoras-ramos-gerais/Seguros2025.json,2026-08-26
8,7,Yelum Seguradora,SP,Yelum Seguros S.A.,Valor 1000,https://infograficos.valor.globo.com/valor1000/rankings/as-50-maiores-seguradoras-ramos-gerais/2025,https://infovalorbucket.s3.amazonaws.com/arquivos/valor-1000/2025/as-50-maiores-seguradoras-ramos-gerais/Seguros2025.json,2026-08-26
9,8,Zurich Minas Brasil,MG,Zurich Minas Brasil Seguros S.A.,Valor 1000,https://infograficos.valor.globo.com/valor1000/rankings/as-50-maiores-seguradoras-ramos-gerais/2025,https://infovalorbucket.s3.amazonaws.com/arquivos/valor-1000/2025/as-50-maiores-seguradoras-ramos-gerais/Seguros2025.json,2026-08-26
10,9,Itaú Seguros,SP,Itaú Seguros S.A.,Valor 1000,https://infograficos.valor.globo.com/valor1000/rankings/as-50-maiores-seguradoras-ramos-gerais/2025,https://infovalorbucket.s3.amazonaws.com/arquivos/valor-1000/2025/as-50-maiores-seguradoras-ramos-gerais/Seguros2025.json,2026-08-26
11,10,HDI Seguros,SP,HDI Seguros S.A.,Valor 1000,https://infograficos.valor.globo.com/valor1000/rankings/as-50-maiores-seguradoras-ramos-gerais/2025,https://infovalorbucket.s3.amazonaws.com/arquivos/valor-1000/2025/as-50-maiores-seguradoras-ramos-gerais/Seguros2025.json,2026-08-26
12,11,Chubb Seguros,SP,Chubb Seguros Brasil S.A.,Valor 1000,https://infograficos.valor.globo.com/valor1000/rankings/as-50-maiores-seguradoras-ramos-gerais/2025,https://infovalorbucket.s3.amazonaws.com/arquivos/valor-1000/2025/as-50-maiores-seguradoras-ramos-gerais/Seguros2025.json,2026-08-26
13,12,Caixa Seguradora (CNP/Caixa Seguridade),DF,Caixa Seguradora S.A.,Valor 1000,https://infograficos.valor.globo.com/valor1000/rankings/as-50-maiores-seguradoras-ramos-gerais/2025,https://infovalorbucket.s3.amazonaws.com/arquivos/valor-1000/2025/as-50-maiores-seguradoras-ramos-gerais/Seguros2025.json,2026-08-26
14,13,Sompo Seguros,SP,Sompo Seguros S.A.,Valor 1000,https://infograficos.valor.globo.com/valor1000/rankings/as-50-maiores-seguradoras-ramos-gerais/2025,https://infovalorbucket.s3.amazonaws.com/arquivos/valor-1000/2025/as-50-maiores-seguradoras-ramos-gerais/Seguros2025.json,2026-08-26
15,16,XS3 Seguros (Caixa Seguridade),DF,XS3 Seguros S.A.,Valor 1000,https://infograficos.valor.globo.com/valor1000/rankings/as-50-maiores-seguradoras-ramos-gerais/2025,https://infovalorbucket.s3.amazonaws.com/arquivos/valor-1000/2025/as-50-maiores-seguradoras-ramos-gerais/Seguros2025.json,2026-08-26
16,14,AXA,SP,AXA Seguros S.A.,Valor 1000,https://infograficos.valor.globo.com/valor1000/rankings/as-50-maiores-seguradoras-ramos-gerais/2025,https://infovalorbucket.s3.amazonaws.com/arquivos/valor-1000/2025/as-50-maiores-seguradoras-ramos-gerais/Seguros2025.json,2026-08-26
17,31,Cardif,SP,Cardif do Brasil Seguros e Garantias S.A.,Valor 1000,https://infograficos.valor.globo.com/valor1000/rankings/as-50-maiores-seguradoras-ramos-gerais/2025,https://infovalorbucket.s3.amazonaws.com/arquivos/valor-1000/2025/as-50-maiores-seguradoras-ramos-gerais/Seguros2025.json,2026-08-26
18,22,Zurich Santander Brasil,SP,Zurich Santander Brasil Seguros S.A.,Valor 1000,https://infograficos.valor.globo.com/valor1000/rankings/as-50-maiores-seguradoras-ramos-gerais/2025,https://infovalorbucket.s3.amazonaws.com/arquivos/valor-1000/2025/as-50-maiores-seguradoras-ramos-gerais/Seguros2025.json,2026-08-26
19,26,Generali Brasil,RJ,Generali Brasil Seguros S.A.,Valor 1000,https://infograficos.valor.globo.com/valor1000/rankings/as-50-maiores-seguradoras-ramos-gerais/2025,https://infovalorbucket.s3.amazonaws.com/arquivos/valor-1000/2025/as-50-maiores-seguradoras-ramos-gerais/Seguros2025.json,2026-08-26
20,15,Fairfax,SP,Fairfax Brasil Seguros Corporativos S.A.,Valor 1000,https://infograficos.valor.globo.com/valor1000/rankings/as-50-maiores-seguradoras-ramos-gerais/2025,https://infovalorbucket.s3.amazonaws.com/arquivos/valor-1000/2025/as-50-maiores-seguradoras-ramos-gerais/Seguros2025.json,2026-08-26
21,27,HDI Global,SP,HDI Global Seguros S.A.,Valor 1000,https://infograficos.valor.globo.com/valor1000/rankings/as-50-maiores-seguradoras-ramos-gerais/2025,https://infovalorbucket.s3.amazonaws.com/arquivos/valor-1000/2025/as-50-maiores-seguradoras-ramos-gerais/Seguros2025.json,2026-08-26
22,17,Swiss Re,SP,Swiss Re Corporate Solutions Brasil Seguros S.A.,Valor 1000,https://infograficos.valor.globo.com/valor1000/rankings/as-50-maiores-seguradoras-ramos-gerais/2025,https://infovalorbucket.s3.amazonaws.com/arquivos/valor-1000/2025/as-50-maiores-seguradoras-ramos-gerais/Seguros2025.json,2026-08-26
23,20,AIG Seguros,SP,AIG Seguros Brasil S.A.,Valor 1000,https://infograficos.valor.globo.com/valor1000/rankings/as-50-maiores-seguradoras-ramos-gerais/2025,https://infovalorbucket.s3.amazonaws.com/arquivos/valor-1000/2025/as-50-maiores-seguradoras-ramos-gerais/Seguros2025.json,2026-08-26
24,21,Suhai,SP,Suhai Seguradora S.A.,Valor 1000,https://infograficos.valor.globo.com/valor1000/rankings/as-50-maiores-seguradoras-ramos-gerais/2025,https://infovalorbucket.s3.amazonaws.com/arquivos/valor-1000/2025/as-50-maiores-seguradoras-ramos-gerais/Seguros2025.json,2026-08-26
25,24,Assurant,SP,Assurant Seguradora S.A.,Valor 1000,https://infograficos.valor.globo.com/valor1000/rankings/as-50-maiores-seguradoras-ramos-gerais/2025,https://infovalorbucket.s3.amazonaws.com/arquivos/valor-1000/2025/as-50-maiores-seguradoras-ramos-gerais/Seguros2025.json,2026-08-26
26,32,EZZE,SP,EZZE Seguros S.A.,Valor 1000,https://infograficos.valor.globo.com/valor1000/rankings/as-50-maiores-seguradoras-ramos-gerais/2025,https://infovalorbucket.s3.amazonaws.com/arquivos/valor-1000/2025/as-50-maiores-seguradoras-ramos-gerais/Seguros2025.json,2026-08-26
27,25,Starr,SP,STARR International Brasil Seguradora S.A.,Valor 1000,https://infograficos.valor.globo.com/valor1000/rankings/as-50-maiores-seguradoras-ramos-gerais/2025,https://infovalorbucket.s3.amazonaws.com/arquivos/valor-1000/2025/as-50-maiores-seguradoras-ramos-gerais/Seguros2025.json,2026-08-26
28,29,Sura,SP,Seguros Sura S.A.,Valor 1000,https://infograficos.valor.globo.com/valor1000/rankings/as-50-maiores-seguradoras-ramos-gerais/2025,https://infovalorbucket.s3.amazonaws.com/arquivos/valor-1000/2025/as-50-maiores-seguradoras-ramos-gerais/Seguros2025.json,2026-08-26
29,23,Essor,RJ,Essor Seguros S.A.,Valor 1000,https://infograficos.valor.globo.com/valor1000/rankings/as-50-maiores-seguradoras-ramos-gerais/2025,https://infovalorbucket.s3.amazonaws.com/arquivos/valor-1000/2025/as-50-maiores-seguradoras-ramos-gerais/Seguros2025.json,2026-08-26
30,30,Pottencial,MG,Pottencial Seguradora S.A.,Valor 1000,https://infograficos.valor.globo.com/valor1000/rankings/as-50-maiores-seguradoras-ramos-gerais/2025,https://infovalorbucket.s3.amazonaws.com/arquivos/valor-1000/2025/as-50-maiores-seguradoras-ramos-gerais/Seguros2025.json,2026-08-26
31,18,Austral,RJ,Austral Seguradora S.A.,Valor 1000,https://infograficos.valor.globo.com/valor1000/rankings/as-50-maiores-seguradoras-ramos-gerais/2025,https://infovalorbucket.s3.amazonaws.com/arquivos/valor-1000/2025/as-50-maiores-seguradoras-ramos-gerais/Seguros2025.json,2026-08-26
32,33,AKAD,SP,AKAD Seguros S.A.,Valor 1000,https://infograficos.valor.globo.com/valor1000/rankings/as-50-maiores-seguradoras-ramos-gerais/2025,https://infovalorbucket.s3.amazonaws.com/arquivos/valor-1000/2025/as-50-maiores-seguradoras-ramos-gerais/Seguros2025.json,2026-08-26
33,28,Aliança do Brasil,SP,Aliança do Brasil Seguros S.A.,Valor 1000,https://infograficos.valor.globo.com/valor1000/rankings/as-50-maiores-seguradoras-ramos-gerais/2025,https://infovalorbucket.s3.amazonaws.com/arquivos/valor-1000/2025/as-50-maiores-seguradoras-ramos-gerais/Seguros2025.json,2026-08-26
34,38,Kovr,SP,Kovr Seguradora S.A.,Valor 1000,https://infograficos.valor.globo.com/valor1000/rankings/as-50-maiores-seguradoras-ramos-gerais/2025,https://infovalorbucket.s3.amazonaws.com/arquivos/valor-1000/2025/as-50-maiores-seguradoras-ramos-gerais/Seguros2025.json,2026-08-26
35,35,Fator Seguradora,SP,Fator Seguradora S.A.,Valor 1000,https://infograficos.valor.globo.com/valor1000/rankings/as-50-maiores-seguradoras-ramos-gerais/2025,https://infovalorbucket.s3.amazonaws.com/arquivos/valor-1000/2025/as-50-maiores-seguradoras-ramos-gerais/Seguros2025.json,2026-08-26
36,34,Mitsui Sumitomo,SP,Mitsui Sumitomo Seguros S.A.,Valor 1000,https://infograficos.valor.globo.com/valor1000/rankings/as-50-maiores-seguradoras-ramos-gerais/2025,https://infovalorbucket.s3.amazonaws.com/arquivos/valor-1000/2025/as-50-maiores-seguradoras-ramos-gerais/Seguros2025.json,2026-08-26
37,36,Junto,PR,Junto Seguros S.A.,Valor 1000,https://infograficos.valor.globo.com/valor1000/rankings/as-50-maiores-seguradoras-ramos-gerais/2025,https://infovalorbucket.s3.amazonaws.com/arquivos/valor-1000/2025/as-50-maiores-seguradoras-ramos-gerais/Seguros2025.json,2026-08-26
38,37,Alfa Seguradora,SP,Alfa Seguradora S.A.,Valor 1000,https://infograficos.valor.globo.com/valor1000/rankings/as-50-maiores-seguradoras-ramos-gerais/2025,https://infovalorbucket.s3.amazonaws.com/arquivos/valor-1000/2025/as-50-maiores-seguradoras-ramos-gerais/Seguros2025.json,2026-08-26
39,41,Sancor,PR,Sancor Seguros do Brasil S.A.,Valor 1000,https://infograficos.valor.globo.com/valor1000/rankings/as-50-maiores-seguradoras-ramos-gerais/2025,https://infovalorbucket.s3.amazonaws.com/arquivos/valor-1000/2025/as-50-maiores-seguradoras-ramos-gerais/Seguros2025.json,2026-08-26
40,40,Berkley International Brasil,SP,Berkley International do Brasil Seguros S.A.,Valor 1000,https://infograficos.valor.globo.com/valor1000/rankings/as-50-maiores-seguradoras-ramos-gerais/2025,https://infovalorbucket.s3.amazonaws.com/arquivos/valor-1000/2025/as-50-maiores-seguradoras-ramos-gerais/Seguros2025.json,2026-08-26
41,42,Excelsior,PE,Companhia Excelsior de Seguros,Valor 1000,https://infograficos.valor.globo.com/valor1000/rankings/as-50-maiores-seguradoras-ramos-gerais/2025,https://infovalorbucket.s3.amazonaws.com/arquivos/valor-1000/2025/as-50-maiores-seguradoras-ramos-gerais/Seguros2025.json,2026-08-26
42,-,Sombrero,SP,Sombrero Seguros S.A,Valor 1000,https://infograficos.valor.globo.com/valor1000/rankings/as-50-maiores-seguradoras-ramos-gerais/2025,https://infovalorbucket.s3.amazonaws.com/arquivos/valor-1000/2025/as-50-maiores-seguradoras-ramos-gerais/Seguros2025.json,2026-08-26
43,43,Banestes Seguros,ES,Banestes Seguros S.A.,Valor 1000,https://infograficos.valor.globo.com/valor1000/rankings/as-50-maiores-seguradoras-ramos-gerais/2025,https://infovalorbucket.s3.amazonaws.com/arquivos/valor-1000/2025/as-50-maiores-seguradoras-ramos-gerais/Seguros2025.json,2026-08-26
44,47,Santander Auto,SP,Santander Auto S.A.,Valor 1000,https://infograficos.valor.globo.com/valor1000/rankings/as-50-maiores-seguradoras-ramos-gerais/2025,https://infovalorbucket.s3.amazonaws.com/arquivos/valor-1000/2025/as-50-maiores-seguradoras-ramos-gerais/Seguros2025.json,2026-08-26
45,19,HDI Seguros do Brasil,SP,HDI Seguros do Brasil S.A.,Valor 1000,https://infograficos.valor.globo.com/valor1000/rankings/as-50-maiores-seguradoras-ramos-gerais/2025,https://infovalorbucket.s3.amazonaws.com/arquivos/valor-1000/2025/as-50-maiores-seguradoras-ramos-gerais/Seguros2025.json,2026-08-26
46,45,Gente Seguradora,RS,Gente Seguradora S.A.,Valor 1000,https://infograficos.valor.globo.com/valor1000/rankings/as-50-maiores-seguradoras-ramos-gerais/2025,https://infovalorbucket.s3.amazonaws.com/arquivos/valor-1000/2025/as-50-maiores-seguradoras-ramos-gerais/Seguros2025.json,2026-08-26
47,48,BMG Seguros,SP,BMG Seguros S.A.,Valor 1000,https://infograficos.valor.globo.com/valor1000/rankings/as-50-maiores-seguradoras-ramos-gerais/2025,https://infovalorbucket.s3.amazonaws.com/arquivos/valor-1000/2025/as-50-maiores-seguradoras-ramos-gerais/Seguros2025.json,2026-08-26
48,46,Euler Hermes,SP,Euler Hermes Seguros S.A.,Valor 1000,https://infograficos.valor.globo.com/valor1000/rankings/as-50-maiores-seguradoras-ramos-gerais/2025,https://infovalorbucket.s3.amazonaws.com/arquivos/valor-1000/2025/as-50-maiores-seguradoras-ramos-gerais/Seguros2025.json,2026-08-26
49,50,Gazin,PR,Gazin Seguros S.A.,Valor 1000,https://infograficos.valor.globo.com/valor1000/rankings/as-50-maiores-seguradoras-ramos-gerais/2025,https://infovalorbucket.s3.amazonaws.com/arquivos/valor-1000/2025/as-50-maiores-seguradoras-ramos-gerais/Seguros2025.json,2026-08-26
50,49,Coface Brasil,SP,Coface do Brasil Seguros de Crédito S.A.,Valor 1000,https://infograficos.valor.globo.com/valor1000/rankings/as-50-maiores-seguradoras-ramos-gerais/2025,https://infovalorbucket.s3.amazonaws.com/arquivos/valor-1000/2025/as-50-maiores-seguradoras-ramos-gerais/Seguros2025.json,2026-08-26
