rank_2024,rank_2023,empresa,sede,setor,receita_liquida_rs_mi,var_receita_pct,lucro_liquido_rs_mi,var_lucro_pct,margem_liquida_pct,rentab_pl_medio_pct,lucro_ativ_rs_mi,lucro_financ_rs_mi,ebitda_rs_mi,var_ebitda_pct,ativo_total_rs_mi,patrim_liquido_rs_mi,endiv_oneroso_rs_mi,nivel_endiv_geral_pct,nivel_endiv_oneroso_pct,liquidez_corrente,capital_origem,razao_social,ranking_source,source_url,source_json,retrieved_at
1,1,Petrobras,RJ,Petróleo e Gás,"490.829,0","-4,1","37.009,0","-70,4","7,5","9,9","137.466,0","-82.471,0","204.234,0","-20,1","1.124.797,0","367.514,0","373.467,0","206,1","101,6","0,69",BR,Petróleo Brasileiro S.A. Petrobras,Valor 1000,https://infograficos.valor.globo.com/valor1000/rankings/ranking-das-1000-maiores/2025,https://infovalorbucket.s3.amazonaws.com/arquivos/valor-1000/2025/ranking-das-1000-maiores/RankingValor10002025.json,2026-08-24
2,2,JBS,SP,Alimentos e Bebidas,"416.952,0","14,6","10.704,0","1.568,0","2,6","22,0","23.305,7","-8.963,1","35.589,0","121,4","251.936,0","50.370,4","121.324,9","400,2","240,9","1,47",BR,JBS S.A.,Valor 1000,https://infograficos.valor.globo.com/valor1000/rankings/ranking-das-1000-maiores/2025,https://infovalorbucket.s3.amazonaws.com/arquivos/valor-1000/2025/ranking-das-1000-maiores/RankingValor10002025.json,2026-08-24
3,3,Raízen,RJ,Petróleo e Gás,"255.268,5","15,8","-4.177,0","-780,1","-1,6","-20,7","1.274,2","-7.462,6","13.668,5","-20,2","140.999,7","18.175,9","76.954,9","675,7","423,4","1,33",BR/GB/HO,Raizen S.A.,Valor 1000,https://infograficos.valor.globo.com/valor1000/rankings/ranking-das-1000-maiores/2025,https://infovalorbucket.s3.amazonaws.com/arquivos/valor-1000/2025/ranking-das-1000-maiores/RankingValor10002025.json,2026-08-24
4,4,Vale,RJ,Mineração,"206.005,0","-1,0","30.431,0","-25,0","14,8","14,8","55.588,0","-21.235,0","71.984,0","-10,7","496.325,0","213.720,0","99.882,0","132,2","46,7","1,03",BR,Vale S.A.,Valor 1000,https://infograficos.valor.globo.com/valor1000/rankings/ranking-das-1000-maiores/2025,https://infovalorbucket.s3.amazonaws.com/arquivos/valor-1000/2025/ranking-das-1000-maiores/RankingValor10002025.json,2026-08-24
5,5,Vibra,RJ,Petróleo e Gás,"172.272,0","5,7","6.367,0","33,6","3,7","35,3","2.154,0","-231,0","9.323,0","15,1","49.000,0","20.385,0","20.926,0","140,4","102,7","3,04",BR,Vibra Energia S.A.,Valor 1000,https://infograficos.valor.globo.com/valor1000/rankings/ranking-das-1000-maiores/2025,https://infovalorbucket.s3.amazonaws.com/arquivos/valor-1000/2025/ranking-das-1000-maiores/RankingValor10002025.json,2026-08-24
6,6,Cosan,SP,Petróleo e Gás,"169.273,0","12,9","-9.424,0","-961,4","-5,6","-20,1","9.940,0","-12.386,0","15.591,0","-24,4","204.674,0","41.092,0","103.549,0","398,1","252,0","1,36",BR,Cosan S.A.,Valor 1000,https://infograficos.valor.globo.com/valor1000/rankings/ranking-das-1000-maiores/2025,https://infovalorbucket.s3.amazonaws.com/arquivos/valor-1000/2025/ranking-das-1000-maiores/RankingValor10002025.json,2026-08-24
7,7,Marfrig,SP,Alimentos e Bebidas,"148.861,0","12,6","3.880,9","207,2","2,6","17,3","5.971,9","-5.532,2","14.219,2","86,3","137.510,1","19.938,1","67.886,3","589,7","340,5","1,28",BR,Marfrig Global Foods S.A.,Valor 1000,https://infograficos.valor.globo.com/valor1000/rankings/ranking-das-1000-maiores/2025,https://infovalorbucket.s3.amazonaws.com/arquivos/valor-1000/2025/ranking-das-1000-maiores/RankingValor10002025.json,2026-08-24
8,8,Ultrapar,SP,Petróleo e Gás,"133.498,9","5,9","2.525,9","0,3","1,9","16,9","4.802,7","-931,9","6.156,2","7,4","39.558,1","15.823,4","15.787,3","150,0","99,8","1,53",BR,Ultrapar Participações S.A.,Valor 1000,https://infograficos.valor.globo.com/valor1000/rankings/ranking-das-1000-maiores/2025,https://infovalorbucket.s3.amazonaws.com/arquivos/valor-1000/2025/ranking-das-1000-maiores/RankingValor10002025.json,2026-08-24
9,10,Grupo Carrefour Brasil,SP,Comércio Varejista,"115.636,0","5,3","1.940,0","403,6","1,7","8,9","4.393,0","-2.764,0","6.105,0","27,7","100.188,0","22.614,0","24.968,0","343,0","110,4","1,00",FR,Atacadão S.A.,Valor 1000,https://infograficos.valor.globo.com/valor1000/rankings/ranking-das-1000-maiores/2025,https://infovalorbucket.s3.amazonaws.com/arquivos/valor-1000/2025/ranking-das-1000-maiores/RankingValor10002025.json,2026-08-24
10,9,Cargill,SP,Agronegócio,"109.188,2","-13,6","-1.738,1","-169,5","-1,6","-16,4","3.956,6","-6.952,7","4.906,6","69,7","44.208,4","10.166,5","24.613,5","334,8","242,1","0,91",US,Cargill Alimentos Ltda.,Valor 1000,https://infograficos.valor.globo.com/valor1000/rankings/ranking-das-1000-maiores/2025,https://infovalorbucket.s3.amazonaws.com/arquivos/valor-1000/2025/ranking-das-1000-maiores/RankingValor10002025.json,2026-08-24
11,12,Ambev,SP,Alimentos e Bebidas,"89.452,7","12,2","14.847,0","-0,8","16,6","16,5","19.275,1","-2.318,2","28.932,0","15,4","162.507,9","99.580,5","3.664,2","63,2","3,7","1,10",BE/BR,Ambev S.A.,Valor 1000,https://infograficos.valor.globo.com/valor1000/rankings/ranking-das-1000-maiores/2025,https://infovalorbucket.s3.amazonaws.com/arquivos/valor-1000/2025/ranking-das-1000-maiores/RankingValor10002025.json,2026-08-24
12,13,Stellantis,MG,Veículos e Peças,"79.182,4","6,71",-,-,-,-,-,-,-,-,-,-,-,-,-,-,HO,Stellantis Automóveis Brasil Ltda.,Valor 1000,https://infograficos.valor.globo.com/valor1000/rankings/ranking-das-1000-maiores/2025,https://infovalorbucket.s3.amazonaws.com/arquivos/valor-1000/2025/ranking-das-1000-maiores/RankingValor10002025.json,2026-08-24
13,15,Braskem,BA,Química e Petroquímica,"77.411,0","9,7","-12.052,0","-146,5","-15,6",ND,"-2.036,0","-16.654,0","3.871,0","60,4","101.575,0","-4.278,0","68.679,0",ND,ND,"1,31",BR,Braskem S.A.,Valor 1000,https://infograficos.valor.globo.com/valor1000/rankings/ranking-das-1000-maiores/2025,https://infovalorbucket.s3.amazonaws.com/arquivos/valor-1000/2025/ranking-das-1000-maiores/RankingValor10002025.json,2026-08-24
14,18,Assaí Atacadista,RJ,Comércio Varejista,"73.819,0","11,0","769,0","8,3","1,0","15,6","3.791,0","-2.909,0","5.484,0","15,2","45.593,0","5.255,0","16.565,0","767,6","315,2","1,01",BR,Sendas Distribuidora S.A.,Valor 1000,https://infograficos.valor.globo.com/valor1000/rankings/ranking-das-1000-maiores/2025,https://infovalorbucket.s3.amazonaws.com/arquivos/valor-1000/2025/ranking-das-1000-maiores/RankingValor10002025.json,2026-08-24
15,11,Bunge Alimentos,SC,Agronegócio,"69.816,0","-14,6","234,4","-91,0","0,3","2,0","996,3","-666,0","1.452,6","-66,2","32.205,2","11.681,3","3.157,8","175,7","27,0","1,26",SU,Bunge Alimentos S.A.,Valor 1000,https://infograficos.valor.globo.com/valor1000/rankings/ranking-das-1000-maiores/2025,https://infovalorbucket.s3.amazonaws.com/arquivos/valor-1000/2025/ranking-das-1000-maiores/RankingValor10002025.json,2026-08-24
16,17,Gerdau,SP,Metalurgia e Siderurgia,"67.026,7","-2,7","4.599,1","-39,0","6,9","8,6","5.807,1","-2.023,5","10.613,4","-21,4","86.814,5","58.173,8","13.638,2","49,2","23,4","3,01",BR,Gerdau S.A.,Valor 1000,https://infograficos.valor.globo.com/valor1000/rankings/ranking-das-1000-maiores/2025,https://infovalorbucket.s3.amazonaws.com/arquivos/valor-1000/2025/ranking-das-1000-maiores/RankingValor10002025.json,2026-08-24
17,16,ArcelorMittal,MG,Metalurgia e Siderurgia,"66.550,6","-4,7","2.579,3","-37,8","3,9","10,4","4.526,1","-4.440,9","9.021,9","-3,5","88.832,8","27.354,4","37.767,9","224,7","138,1","1,71",EP,Arcelormittal Brasil S.A.,Valor 1000,https://infograficos.valor.globo.com/valor1000/rankings/ranking-das-1000-maiores/2025,https://infovalorbucket.s3.amazonaws.com/arquivos/valor-1000/2025/ranking-das-1000-maiores/RankingValor10002025.json,2026-08-24
18,19,Copersucar,SP,Bioenergia,"62.345,2","15,3","408,2","45,5","0,7","19,6","804,1","-374,5","1.271,0","23,7","16.126,6","2.091,1","9.065,1","671,2","433,5","1,40",BR,Copersucar S.A.,Valor 1000,https://infograficos.valor.globo.com/valor1000/rankings/ranking-das-1000-maiores/2025,https://infovalorbucket.s3.amazonaws.com/arquivos/valor-1000/2025/ranking-das-1000-maiores/RankingValor10002025.json,2026-08-24
19,34,Mercado Livre,SP,Comércio Varejista,"61.494,5","57,4",-,-,-,-,-,-,-,-,-,-,-,-,-,-,AG,Mercadolivre.com Atividades de Internet Ltda.,Valor 1000,https://infograficos.valor.globo.com/valor1000/rankings/ranking-das-1000-maiores/2025,https://infovalorbucket.s3.amazonaws.com/arquivos/valor-1000/2025/ranking-das-1000-maiores/RankingValor10002025.json,2026-08-24
20,20,BRF,SC,Alimentos e Bebidas,"61.379,0","14,5","3.691,9","297,5","6,0","23,0","6.718,9","-1.790,5","10.364,9","155,2","62.675,1","16.499,2","21.359,7","279,9","129,5","1,48",BR,BRF S.A.,Valor 1000,https://infograficos.valor.globo.com/valor1000/rankings/ranking-das-1000-maiores/2025,https://infovalorbucket.s3.amazonaws.com/arquivos/valor-1000/2025/ranking-das-1000-maiores/RankingValor10002025.json,2026-08-24
21,22,Telefônica Brasil,SP,TI & Telecom,"55.845,0","7,2","5.557,3","10,3","10,0","8,0","8.012,1","-1.909,7","22.875,8","7,4","124.940,7","69.799,5","5.511,2","79,0","7,9","0,94",EP,Telefônica Brasil S.A.,Valor 1000,https://infograficos.valor.globo.com/valor1000/rankings/ranking-das-1000-maiores/2025,https://infovalorbucket.s3.amazonaws.com/arquivos/valor-1000/2025/ranking-das-1000-maiores/RankingValor10002025.json,2026-08-24
22,21,Shell,RJ,Petróleo e Gás,"54.977,0","4,5","7.459,0","-8,7","13,6","23,0","17.571,0","-3.829,0","26.057,0","18,5","117.211,0","36.225,0","37.548,0","223,6","103,7","1,28",HO,Shell Brasil Petróleo Ltda.,Valor 1000,https://infograficos.valor.globo.com/valor1000/rankings/ranking-das-1000-maiores/2025,https://infovalorbucket.s3.amazonaws.com/arquivos/valor-1000/2025/ranking-das-1000-maiores/RankingValor10002025.json,2026-08-24
23,14,Cofco International,SP,Agronegócio,"53.327,2","-26,1","-40,6","-110,3","-0,1",ND,"1.970,5","-1.808,8","4.751,2","36,7","41.827,9","816,7","11.388,3","5.021,4","1.394,4","1,19",HK,Cofco International Brasil S.A.,Valor 1000,https://infograficos.valor.globo.com/valor1000/rankings/ranking-das-1000-maiores/2025,https://infovalorbucket.s3.amazonaws.com/arquivos/valor-1000/2025/ranking-das-1000-maiores/RankingValor10002025.json,2026-08-24
24,23,Rede D'Or,SP,Serviços Médicos,"50.571,3","8,7","3.934,1","86,1","7,8","15,6","7.033,5","-2.542,4","9.074,0","28,4","102.597,9","26.701,9","41.077,4","284,2","153,8","2,88",BR,Rede D' Or São Luiz S.A.,Valor 1000,https://infograficos.valor.globo.com/valor1000/rankings/ranking-das-1000-maiores/2025,https://infovalorbucket.s3.amazonaws.com/arquivos/valor-1000/2025/ranking-das-1000-maiores/RankingValor10002025.json,2026-08-24
25,27,Neoenergia,RJ,Energia Elétrica,"48.993,0","10,5","3.682,0","-18,7","7,5","11,7","9.686,0","-4.992,0","12.573,0","1,3","109.541,0","32.747,0","53.293,0","234,5","162,7","1,22",EP/BR,Neoenergia S.A.,Valor 1000,https://infograficos.valor.globo.com/valor1000/rankings/ranking-das-1000-maiores/2025,https://infovalorbucket.s3.amazonaws.com/arquivos/valor-1000/2025/ranking-das-1000-maiores/RankingValor10002025.json,2026-08-24
26,24,Claro Participações,SP,TI & Telecom,"48.914,9","6,9","-1.306,6","-143,9","-2,7","-6,7","7.092,8","-11.553,5","21.761,6","10,5","103.478,6","20.107,8","10.424,7","414,6","51,8","0,63",MX,Claro Telecom Participações S.A.,Valor 1000,https://infograficos.valor.globo.com/valor1000/rankings/ranking-das-1000-maiores/2025,https://infovalorbucket.s3.amazonaws.com/arquivos/valor-1000/2025/ranking-das-1000-maiores/RankingValor10002025.json,2026-08-24
27,32,Suzano,BA,Papel e Celulose,"47.403,3","19,2","-7.044,7","-149,9","-14,9","-18,2","14.294,4","-28.802,1","24.915,1","27,5","165.936,1","32.415,6","111.890,4","411,9","345,2","1,72",BR,Suzano S.A.,Valor 1000,https://infograficos.valor.globo.com/valor1000/rankings/ranking-das-1000-maiores/2025,https://infovalorbucket.s3.amazonaws.com/arquivos/valor-1000/2025/ranking-das-1000-maiores/RankingValor10002025.json,2026-08-24
28,28,Acelen,BA,Petróleo e Gás,"45.590,0","4,1","-1.899,0","-132,7","-4,2",ND,"13,0","-5.722,0","2.775,0","1.280,6","20.843,0","-1.274,0","10.841,0",ND,ND,"0,71",EA,Refinaria de Mataripe S.A.,Valor 1000,https://infograficos.valor.globo.com/valor1000/rankings/ranking-das-1000-maiores/2025,https://infovalorbucket.s3.amazonaws.com/arquivos/valor-1000/2025/ranking-das-1000-maiores/RankingValor10002025.json,2026-08-24
29,31,Equatorial,MA,Energia Elétrica,"45.366,7","10,7","3.767,8","31,0","8,3","13,7","8.277,2","-4.740,8","11.393,7","12,9","116.412,1","29.887,6","55.983,8","289,5","187,3","1,46",BR,Equatorial S.A.,Valor 1000,https://infograficos.valor.globo.com/valor1000/rankings/ranking-das-1000-maiores/2025,https://infovalorbucket.s3.amazonaws.com/arquivos/valor-1000/2025/ranking-das-1000-maiores/RankingValor10002025.json,2026-08-24
30,30,Grupo Enel,RJ,Energia Elétrica,"44.095,3","6,6","3.060,0","16,4","6,9","5,4","6.870,9","-3.196,3","10.737,7","-0,1","109.834,0","62.250,6","15.671,3","76,4","25,2","0,91",IT,Enel Brasil S.A.,Valor 1000,https://infograficos.valor.globo.com/valor1000/rankings/ranking-das-1000-maiores/2025,https://infovalorbucket.s3.amazonaws.com/arquivos/valor-1000/2025/ranking-das-1000-maiores/RankingValor10002025.json,2026-08-24
31,25,CSN,SP,Metalurgia e Siderurgia,"43.687,5","-3,9","-1.538,1","-482,0","-3,5","-8,8","3.421,2","-5.813,4","8.061,4","-5,9","103.906,7","15.459,1","57.072,5","572,1","369,2","1,58",BR,Companhia Siderúrgica Nacional,Valor 1000,https://infograficos.valor.globo.com/valor1000/rankings/ranking-das-1000-maiores/2025,https://infovalorbucket.s3.amazonaws.com/arquivos/valor-1000/2025/ranking-das-1000-maiores/RankingValor10002025.json,2026-08-24
32,38,Volkswagen,SP,Veículos e Peças,"43.200,0","24,1",-,-,-,-,-,-,-,-,-,-,-,-,-,-,AL,Volkswagen do Brasil Indústria de Veículos Automotores Ltda.,Valor 1000,https://infograficos.valor.globo.com/valor1000/rankings/ranking-das-1000-maiores/2025,https://infovalorbucket.s3.amazonaws.com/arquivos/valor-1000/2025/ranking-das-1000-maiores/RankingValor10002025.json,2026-08-24
33,33,CPFL Energia,SP,Energia Elétrica,"42.628,2","7,3","5.761,6","4,1","13,5","27,6","10.666,6","-2.741,3","13.133,4","2,4","77.129,2","21.795,0","29.068,9","253,9","133,4","0,95",CH,CPFL Energia S.A.,Valor 1000,https://infograficos.valor.globo.com/valor1000/rankings/ranking-das-1000-maiores/2025,https://infovalorbucket.s3.amazonaws.com/arquivos/valor-1000/2025/ranking-das-1000-maiores/RankingValor10002025.json,2026-08-24
34,41,Grupo Simpar,SP,Transportes e Logística,"41.062,9","29,0","93,8","114,4","0,2","1,5","6.656,2","-6.293,5","10.715,4","28,4","84.025,8","5.725,0","60.993,4","1.367,7","1.065,4","1,29",BR,Simpar S.A.,Valor 1000,https://infograficos.valor.globo.com/valor1000/rankings/ranking-das-1000-maiores/2025,https://infovalorbucket.s3.amazonaws.com/arquivos/valor-1000/2025/ranking-das-1000-maiores/RankingValor10002025.json,2026-08-24
35,26,Amaggi,MT,Agronegócio,"40.605,4","-9,5","804,8","-52,6","2,0","5,5","361,2","-459,7","1.633,4","-45,1","46.772,9","16.591,4","22.445,8","181,9","135,3","1,86",BR,André Maggi Participações S.A.,Valor 1000,https://infograficos.valor.globo.com/valor1000/rankings/ranking-das-1000-maiores/2025,https://infovalorbucket.s3.amazonaws.com/arquivos/valor-1000/2025/ranking-das-1000-maiores/RankingValor10002025.json,2026-08-24
36,35,Eletrobras,RJ,Energia Elétrica,"40.181,6","8,1","10.380,8","136,2","25,8","8,9","13.479,4","-11.628,1","26.236,7","54,2","289.871,3","121.999,8","76.981,1","137,6","63,1","2,04",BR,Centrais Elétricas Brasileiras S.A.,Valor 1000,https://infograficos.valor.globo.com/valor1000/rankings/ranking-das-1000-maiores/2025,https://infovalorbucket.s3.amazonaws.com/arquivos/valor-1000/2025/ranking-das-1000-maiores/RankingValor10002025.json,2026-08-24
37,36,Cemig,MG,Energia Elétrica,"39.819,6","8,1","7.119,3","23,5","17,9","27,4","6.459,6","-520,8","11.254,0","32,3","59.726,8","27.383,1","12.279,3","118,1","44,8","0,86",BR,Companhia Energética de Minas Gerais,Valor 1000,https://infograficos.valor.globo.com/valor1000/rankings/ranking-das-1000-maiores/2025,https://infovalorbucket.s3.amazonaws.com/arquivos/valor-1000/2025/ranking-das-1000-maiores/RankingValor10002025.json,2026-08-24
38,39,RD Saúde,SP,Comércio Varejista,"38.871,5","14,4","1.211,4","11,4","3,1","19,4","2.230,8","-933,1","4.204,0","11,0","22.163,8","6.446,9","3.293,9","243,8","51,1","1,38",BR,Raia Drogasil S.A.,Valor 1000,https://infograficos.valor.globo.com/valor1000/rankings/ranking-das-1000-maiores/2025,https://infovalorbucket.s3.amazonaws.com/arquivos/valor-1000/2025/ranking-das-1000-maiores/RankingValor10002025.json,2026-08-24
39,29,Louis Dreyfus Company,SP,Agronegócio,"38.748,1","-9,6","-162,7","-123,7","-0,4","-4,2","32,5","-156,8","338,1","-64,1","27.151,8","4.345,7","4.963,9","524,8","114,2","1,06",FR,Louis Dreyfus Company Brasil S.A.,Valor 1000,https://infograficos.valor.globo.com/valor1000/rankings/ranking-das-1000-maiores/2025,https://infovalorbucket.s3.amazonaws.com/arquivos/valor-1000/2025/ranking-das-1000-maiores/RankingValor10002025.json,2026-08-24
40,37,Magazine Luiza,SP,Comércio Varejista,"38.038,1","3,5","448,7","145,8","1,2","4,3","1.607,4","-1.475,0","2.895,7","232,6","37.311,9","11.319,3","4.582,2","229,6","40,5","1,17",BR,Magazine Luiza S.A.,Valor 1000,https://infograficos.valor.globo.com/valor1000/rankings/ranking-das-1000-maiores/2025,https://infovalorbucket.s3.amazonaws.com/arquivos/valor-1000/2025/ranking-das-1000-maiores/RankingValor10002025.json,2026-08-24
41,40,WEG,SC,Mecânica,"37.986,9","16,9","6.318,8","7,7","16,6","30,8","7.536,6","218,0","8.503,0","19,9","41.489,7","23.125,2","3.621,5","79,4","15,7","1,76",BR,WEG S.A.,Valor 1000,https://infograficos.valor.globo.com/valor1000/rankings/ranking-das-1000-maiores/2025,https://infovalorbucket.s3.amazonaws.com/arquivos/valor-1000/2025/ranking-das-1000-maiores/RankingValor10002025.json,2026-08-24
42,43,Localiza&Co,MG,Transportes e Logística,"37.271,6","29,0","1.813,3","0,6","4,9","7,0","5.805,2","-3.938,6","11.914,7","13,2","87.243,6","26.342,7","44.870,8","231,2","170,3","1,17",BR,Localiza Rent a Car S.A.,Valor 1000,https://infograficos.valor.globo.com/valor1000/rankings/ranking-das-1000-maiores/2025,https://infovalorbucket.s3.amazonaws.com/arquivos/valor-1000/2025/ranking-das-1000-maiores/RankingValor10002025.json,2026-08-24
43,56,Sabesp,SP,"Água, Saneamento e Serviços Ambientais","36.145,5","41,3","9.579,6","171,9","26,5","28,7","15.416,1","-1.867,7","18.187,1","99,1","80.965,4","36.928,1","25.258,3","119,3","68,4","0,89",BR,Cia. de Saneamento Básico do Estado de São Paulo,Valor 1000,https://infograficos.valor.globo.com/valor1000/rankings/ranking-das-1000-maiores/2025,https://infovalorbucket.s3.amazonaws.com/arquivos/valor-1000/2025/ranking-das-1000-maiores/RankingValor10002025.json,2026-08-24
44,75,Comexport,SP,Comércio Atacadista e Exterior,"35.727,9","101,8","742,7","18,8","2,1","37,4","892,8","-148,9","919,5","30,0","12.362,9","2.211,3","1.225,9","459,1","55,4","1,23",BR,Comexport Cia. de Comércio Exterior,Valor 1000,https://infograficos.valor.globo.com/valor1000/rankings/ranking-das-1000-maiores/2025,https://infovalorbucket.s3.amazonaws.com/arquivos/valor-1000/2025/ranking-das-1000-maiores/RankingValor10002025.json,2026-08-24
45,55,Embraer,SP,Veículos e Peças,"35.424,2","35,7","1.923,8","145,3","5,4","10,9","2.390,3","-663,2","5.103,9","87,3","73.219,7","20.710,9","16.068,2","253,5","77,6","1,47",BR,Embraer S.A.,Valor 1000,https://infograficos.valor.globo.com/valor1000/rankings/ranking-das-1000-maiores/2025,https://infovalorbucket.s3.amazonaws.com/arquivos/valor-1000/2025/ranking-das-1000-maiores/RankingValor10002025.json,2026-08-24
46,48,Honda,SP,Veículos e Peças,"35.295,2","27,5",-,-,-,-,-,-,-,-,-,-,-,-,-,-,JP,Honda South America Ltda.,Valor 1000,https://infograficos.valor.globo.com/valor1000/rankings/ranking-das-1000-maiores/2025,https://infovalorbucket.s3.amazonaws.com/arquivos/valor-1000/2025/ranking-das-1000-maiores/RankingValor10002025.json,2026-08-24
47,42,Latam,SP,Transportes e Logística,"35.041,2","18,9","3.530,0","0,8","10,1","70,8","2.845,7","889,2","3.121,9","-9,4","29.970,5","6.730,5","331,5","345,3","4,9","1,20",BR/CL,TAM S.A.,Valor 1000,https://infograficos.valor.globo.com/valor1000/rankings/ranking-das-1000-maiores/2025,https://infovalorbucket.s3.amazonaws.com/arquivos/valor-1000/2025/ranking-das-1000-maiores/RankingValor10002025.json,2026-08-24
48,51,Minerva Foods,SP,Alimentos e Bebidas,"34.068,9","26,7","-1.563,8","-495,4","-4,6","-418,8","2.332,5","-3.932,8","3.096,6","20,8","42.141,9","87,2","30.082,1","48.218,4","34.491,1","1,48",BR,Minerva S.A.,Valor 1000,https://infograficos.valor.globo.com/valor1000/rankings/ranking-das-1000-maiores/2025,https://infovalorbucket.s3.amazonaws.com/arquivos/valor-1000/2025/ranking-das-1000-maiores/RankingValor10002025.json,2026-08-24
49,45,Energisa,MG,Energia Elétrica,"33.715,5","18,2","4.636,3","79,5","13,8","24,5","5.940,0","-1.735,8","7.969,0","4,5","77.181,7","22.143,2","36.410,3","248,6","164,4","1,23",BR,Energisa S.A.,Valor 1000,https://infograficos.valor.globo.com/valor1000/rankings/ranking-das-1000-maiores/2025,https://infovalorbucket.s3.amazonaws.com/arquivos/valor-1000/2025/ranking-das-1000-maiores/RankingValor10002025.json,2026-08-24
50,52,Grupo Mateus,MA,Comércio Varejista,"32.085,4","19,8","1.334,9","8,1","4,2","14,2","2.090,8","-571,9","2.467,6","21,2","18.959,3","9.963,4","2.273,9","90,3","22,8","2,56",BR,Grupo Mateus S.A.,Valor 1000,https://infograficos.valor.globo.com/valor1000/rankings/ranking-das-1000-maiores/2025,https://infovalorbucket.s3.amazonaws.com/arquivos/valor-1000/2025/ranking-das-1000-maiores/RankingValor10002025.json,2026-08-24
