rank_2024,empresa,razao_social,cnpj_basico,cnpj_full,listed_flag,listed_source,soe_flag,soe_source,controlador_tipo,freeze_status_hint,notes,source_doc,cnpj_source,retrieved_at
1,Petrobras,Petróleo Brasileiro S.A. Petrobras,33000167,33000167000101,true,CVM cad_cia_aberta.csv (latin-1; downloaded 2026-08-24 from dados.cvm.gov.br): SIT=ATIVO CD_CVM=9512 CNPJ=33.000.167/0001-01 CATEG_REG=Categoria A CONTROLE_ACIONARIO=ESTATAL HOLDING DENOM_SOCIAL=PETRÓLEO BRASILEIRO S.A. - PETROBRAS; B3 historically PETR3/PETR4 (CVM list is the listed_flag source),true,"Petrobras Carta Anual de Políticas Públicas e Governança Corporativa 2025 (ano-base 2024): 'sociedade de economia mista supervisionada pelo Ministério de Minas e Energia'; 'A Petrobras é controlada pela União Federal, que detém diretamente 50,26% das ações ordinárias e 29,02% do nosso capital social total' (posição 31 jan 2025). Local file /workspace/research/controllers/petrobras-carta-anual-2025.txt. CVM CONTROLE_ACIONARIO=ESTATAL HOLDING. RF natureza_juridica=2038 (sociedade de economia mista). SEST/MGI Relatório Agregado das Empresas Estatais Federais 2025 (ano-base 2024) covers companies in which União holds, directly or indirectly, majority voting capital and includes Petrobras grupo.",soe,skip_soe,Federal SOE: União is Art. 116 controller. Do not freeze CEO/minister/CA chair. RF razao=PETROLEO BRASILEIRO S A PETROBRAS capital_social=205431960490.52 ente_federativo null (economia mista still coded 2038). Only União-controller SOE in this top-50.,Carta Anual Petrobras 2025; CVM cad_cia_aberta CD_CVM=9512; BD br_me_cnpj cnpj_basico=33000167,"basedosdados.br_me_cnpj.empresas+estabelecimentos (partition data=2026-01-11, billing_project=billionarewatcher)",2026-08-24
2,JBS,JBS S.A.,02916265,02916265000160,true,CVM cad_cia_aberta.csv (latin-1; downloaded 2026-08-24 from dados.cvm.gov.br): SIT=ATIVO CD_CVM=20575 CNPJ=02.916.265/0001-60 CATEG_REG=Categoria A CONTROLE_ACIONARIO=PRIVADO DENOM_SOCIAL=JBS SA,false,Not a federal SOE. CVM CONTROLE_ACIONARIO=PRIVADO. RF natureza=2046 (SA aberta). União is not the controller.,listed,pending,"CNPJ taken from CVM listed issuer JBS SA 02.916.265/0001-60, confirmed in BD as JBS S/A natureza=2046 capital=23631071304.24. REJECTED candidate: BD exact 'JBS S.A.' cnpj_basico=07452328 natureza=2054 capital=0 (wrong company; do not use).",CVM cad_cia_aberta CD_CVM=20575; BD br_me_cnpj cnpj_basico=02916265,"basedosdados.br_me_cnpj.empresas+estabelecimentos (partition data=2026-01-11, billing_project=billionarewatcher)",2026-08-24
3,Raízen,Raizen S.A.,33453598,33453598000123,true,CVM cad_cia_aberta.csv (latin-1; downloaded 2026-08-24 from dados.cvm.gov.br): SIT=ATIVO CD_CVM=25917 CNPJ=33.453.598/0001-23 CATEG_REG=Categoria A CONTROLE_ACIONARIO=PRIVADO DENOM_SOCIAL=RAÍZEN S.A.,false,Not a federal SOE. CVM CONTROLE_ACIONARIO=PRIVADO. Natureza=2046.,listed,pending,"Brazilian listed issuer (sede RJ per Valor). Valor capital_origem=BR/GB/HO is a JV hint (Cosan+Shell) but the Brazilian company is listed in Brazil with HQ in Brazil, so controlador_tipo=listed not foreign. Person walk is FRE 6.1 of Raízen S.A. (ticket #25).",CVM cad_cia_aberta CD_CVM=25917; BD br_me_cnpj cnpj_basico=33453598; Valor capital_origem=BR/GB/HO,"basedosdados.br_me_cnpj.empresas+estabelecimentos (partition data=2026-01-11, billing_project=billionarewatcher)",2026-08-24
4,Vale,Vale S.A.,33592510,33592510000154,true,CVM cad_cia_aberta.csv (latin-1; downloaded 2026-08-24 from dados.cvm.gov.br): SIT=ATIVO CD_CVM=4170 CNPJ=33.592.510/0001-54 CATEG_REG=Categoria A CONTROLE_ACIONARIO=PRIVADO DENOM_SOCIAL=VALE S.A.,false,Not a federal SOE. CVM CONTROLE_ACIONARIO=PRIVADO. Privatized 1997. Natureza=2046.,listed,pending,RF exact VALE S.A. natureza=2046 capital=77300000000. LIKE 'VALE SA%' matches thousands of unrelated firms; used exact + CVM CNPJ.,CVM cad_cia_aberta CD_CVM=4170; BD br_me_cnpj cnpj_basico=33592510,"basedosdados.br_me_cnpj.empresas+estabelecimentos (partition data=2026-01-11, billing_project=billionarewatcher)",2026-08-24
5,Vibra,Vibra Energia S.A.,34274233,34274233000102,true,CVM cad_cia_aberta.csv (latin-1; downloaded 2026-08-24 from dados.cvm.gov.br): SIT=ATIVO CD_CVM=24295 CNPJ=34.274.233/0001-02 CATEG_REG=Categoria A CONTROLE_ACIONARIO=PRIVADO DENOM_SOCIAL=VIBRA ENERGIA S/A,false,Former BR Distribuidora (Petrobras system) now privatized. CVM CONTROLE_ACIONARIO=PRIVADO. Natureza=2046. União is not the controller.,listed,pending,RF razao=VIBRA ENERGIA S.A (no second period) natureza=2046. Not on SEST federal SOE perimeter as União-controlled issuer.,CVM cad_cia_aberta CD_CVM=24295; BD br_me_cnpj cnpj_basico=34274233,"basedosdados.br_me_cnpj.empresas+estabelecimentos (partition data=2026-01-11, billing_project=billionarewatcher)",2026-08-24
6,Cosan,Cosan S.A.,50746577,50746577000115,true,CVM cad_cia_aberta.csv (latin-1; downloaded 2026-08-24 from dados.cvm.gov.br): SIT=ATIVO CD_CVM=19836 CNPJ=50.746.577/0001-15 CATEG_REG=Categoria A CONTROLE_ACIONARIO=PRIVADO DENOM_SOCIAL=COSAN S.A.,false,Not a federal SOE. CVM CONTROLE_ACIONARIO=PRIVADO.,listed,pending,RF exact COSAN S.A. natureza=2046 capital=8182738100.99.,CVM cad_cia_aberta CD_CVM=19836; BD br_me_cnpj cnpj_basico=50746577,"basedosdados.br_me_cnpj.empresas+estabelecimentos (partition data=2026-01-11, billing_project=billionarewatcher)",2026-08-24
7,Marfrig,Marfrig Global Foods S.A.,03853896,03853896000140,true,CVM cad_cia_aberta.csv (latin-1; downloaded 2026-08-24 from dados.cvm.gov.br): SIT=ATIVO CD_CVM=20788 CNPJ=03.853.896/0001-40 CATEG_REG=Categoria A CONTROLE_ACIONARIO=PRIVADO DENOM_SOCIAL=MARFRIG GLOBAL FOODS SA,false,Not a federal SOE. CVM CONTROLE_ACIONARIO=PRIVADO.,listed,pending,RF exact MARFRIG GLOBAL FOODS S.A. natureza=2046. LIKE 'MARFRIG%' hits many unrelated ME/IS names; used exact + CVM.,CVM cad_cia_aberta CD_CVM=20788; BD br_me_cnpj cnpj_basico=03853896,"basedosdados.br_me_cnpj.empresas+estabelecimentos (partition data=2026-01-11, billing_project=billionarewatcher)",2026-08-24
8,Ultrapar,Ultrapar Participações S.A.,33256439,33256439000139,true,CVM cad_cia_aberta.csv (latin-1; downloaded 2026-08-24 from dados.cvm.gov.br): SIT=ATIVO CD_CVM=18465 CNPJ=33.256.439/0001-39 CATEG_REG=Categoria A CONTROLE_ACIONARIO=PRIVADO DENOM_SOCIAL=ULTRAPAR PARTICIPAÇÕES SA,false,Not a federal SOE. CVM CONTROLE_ACIONARIO=PRIVADO.,listed,pending,RF razao=ULTRAPAR PARTICIPACOES S/A natureza=2046. Rejected similarly named firms (ULTRAPAR PARTICIPACAO E AGROPECUARIA S.A 32393407 etc.).,CVM cad_cia_aberta CD_CVM=18465; BD br_me_cnpj cnpj_basico=33256439,"basedosdados.br_me_cnpj.empresas+estabelecimentos (partition data=2026-01-11, billing_project=billionarewatcher)",2026-08-24
9,Grupo Carrefour Brasil,Atacadão S.A.,75315333,75315333000109,false,"CVM cad_cia_aberta.csv (latin-1; downloaded 2026-08-24 from dados.cvm.gov.br): SIT=CANCELADA CD_CVM=24171 CNPJ=75.315.333/0001-09 DT_CANCEL=2025-12-22 DENOM_SOCIAL=ATACADÃO S.A.; Valor 22 Dec 2025: CVM cancelled categoria B registry, company is now fechada and a wholly-owned subsidiary of Carrefour S.A. (France).",false,Not a federal SOE. CVM CONTROLE_ACIONARIO=ESTRANGEIRO (while it was listed).,foreign,pending,"Valor capital_origem=FR. CVM had ESTRANGEIRO then cancelled listing 2025-12-22 (Ofício CVM/SEP cited in company notice). Parent HQ: Carrefour S.A., France. listed_flag=false as of retrieval. LIKE 'ATACADAO SA%' matches hundreds of unrelated atacarejo shops; used exact ATACADAO S.A. + CVM CNPJ capital=17304241526.26 natureza=2046 (RF natureza may lag the CVM cancel).",CVM cad_cia_aberta CD_CVM=24171 DT_CANCEL=2025-12-22; https://valor.globo.com/empresas/noticia/2025/12/22/carrefour-brasil-conclui-processo-e-deixa-de-ser-companhia-aberta.ghtml; BD br_me_cnpj cnpj_basico=75315333,"basedosdados.br_me_cnpj.empresas+estabelecimentos (partition data=2026-01-11, billing_project=billionarewatcher)",2026-08-24
10,Cargill,Cargill Alimentos Ltda.,01961898,01961898000127,false,"CVM cad_cia_aberta.csv (latin-1; downloaded 2026-08-24 from dados.cvm.gov.br): no ATIVO (or matching) row for this CNPJ/razao; CVM has only CANCELADA Cargill Fertilizantes SA 61.156.501/0001-56 (2003-08-20), a different company.",false,"Not a federal SOE. Ltda, natureza=2062.",foreign,pending,"Valor capital_origem=US. RF exact CARGILL ALIMENTOS LTDA capital=9505798307 natureza=2062. Rejected CARGILL ALIMENTOS COMPLETOS LTDA 50478658 (different, smaller). Parent: Cargill, Incorporated (US). Brazilian CEO is not default controller.",Valor capital_origem=US; BD br_me_cnpj CARGILL ALIMENTOS LTDA cnpj_basico=01961898; CVM no ATIVO row,"basedosdados.br_me_cnpj.empresas+estabelecimentos (partition data=2026-01-11, billing_project=billionarewatcher)",2026-08-24
11,Ambev,Ambev S.A.,07526557,07526557000100,true,CVM cad_cia_aberta.csv (latin-1; downloaded 2026-08-24 from dados.cvm.gov.br): SIT=ATIVO CD_CVM=23264 CNPJ=07.526.557/0001-00 CATEG_REG=Categoria A CONTROLE_ACIONARIO=ESTRANGEIRO HOLDING DENOM_SOCIAL=AMBEV S.A.,false,Not a federal SOE. CVM CONTROLE_ACIONARIO=ESTRANGEIRO HOLDING.,foreign,pending,"Brazilian listed vehicle; group HQ/control is foreign. Ambev RI acordo de acionistas: AB InBev is 'companhia aberta com sede em Leuven, Bélgica' and 'detém indiretamente ... 61,8% da totalidade do nosso capital social votante'. Direct controllers Interbrew International B.V. and AmBrew S.A. Valor capital_origem=BE/BR. Person path: FRE 6.1.h / 20-F, not Brazilian CEO.",CVM cad_cia_aberta CD_CVM=23264 CONTROLE_ACIONARIO=ESTRANGEIRO HOLDING; https://ri.ambev.com.br/governanca-corporativa/acordo-de-acionistas/; BD br_me_cnpj cnpj_basico=07526557,"basedosdados.br_me_cnpj.empresas+estabelecimentos (partition data=2026-01-11, billing_project=billionarewatcher)",2026-08-24
12,Stellantis,Stellantis Automóveis Brasil Ltda.,16701716,16701716000156,false,CVM cad_cia_aberta.csv (latin-1; downloaded 2026-08-24 from dados.cvm.gov.br): no ATIVO (or matching) row for this CNPJ/razao,false,Not a federal SOE. Ltda natureza=2062.,foreign,pending,"Valor capital_origem=HO. Stellantis N.V. corporate seat Amsterdam / corporate office Hoofddorp, The Netherlands (https://www.stellantis.com/en/legal-notes). RF STELLANTIS AUTOMOVEIS BRASIL LTDA. capital=31178220107 nome_fantasia=FIASA. Rejected STELLANTIS AUTOMOVEIS BRASIL SETOR DE RECEBIVEIS INOVA SIMPLES.",https://www.stellantis.com/en/legal-notes; Valor capital_origem=HO; BD br_me_cnpj cnpj_basico=16701716,"basedosdados.br_me_cnpj.empresas+estabelecimentos (partition data=2026-01-11, billing_project=billionarewatcher)",2026-08-24
13,Braskem,Braskem S.A.,42150391,42150391000170,true,CVM cad_cia_aberta.csv (latin-1; downloaded 2026-08-24 from dados.cvm.gov.br): SIT=ATIVO CD_CVM=4820 CNPJ=42.150.391/0001-70 CATEG_REG=Categoria A CONTROLE_ACIONARIO=PRIVADO DENOM_SOCIAL=BRASKEM S.A.,false,Not a federal SOE. CVM CONTROLE_ACIONARIO=PRIVADO.,listed,pending,RF razao stored as 'BRASKEM S.A' (one period) natureza=2046. Rejected BRASKEM S.A. exact miss; rejected BRASKEM PETROQUIMICA / QPAR / GREEN / PARTICIPACOES.,CVM cad_cia_aberta CD_CVM=4820; BD br_me_cnpj cnpj_basico=42150391,"basedosdados.br_me_cnpj.empresas+estabelecimentos (partition data=2026-01-11, billing_project=billionarewatcher)",2026-08-24
14,Assaí Atacadista,Sendas Distribuidora S.A.,06057223,06057223000171,true,CVM cad_cia_aberta.csv (latin-1; downloaded 2026-08-24 from dados.cvm.gov.br): SIT=ATIVO CD_CVM=25372 CNPJ=06.057.223/0001-71 CATEG_REG=Categoria A CONTROLE_ACIONARIO=PRIVADO HOLDING DENOM_SOCIAL=SENDAS DISTRIBUIDORA S.A.,false,Not a federal SOE. CVM CONTROLE_ACIONARIO=PRIVADO HOLDING.,listed,pending,RF SENDAS DISTRIBUIDORA S/A natureza=2046 nome_fantasia=ASSAI ATACADISTA.,CVM cad_cia_aberta CD_CVM=25372; BD br_me_cnpj cnpj_basico=06057223,"basedosdados.br_me_cnpj.empresas+estabelecimentos (partition data=2026-01-11, billing_project=billionarewatcher)",2026-08-24
15,Bunge Alimentos,Bunge Alimentos S.A.,84046101,84046101000193,false,CVM cad_cia_aberta.csv (latin-1; downloaded 2026-08-24 from dados.cvm.gov.br): SIT=CANCELADA CD_CVM=2593 CNPJ=84.046.101/0001-93 DT_CANCEL=2002-10-08 DENOM_SOCIAL=BUNGE ALIMENTOS SA — historical listing cancelled; not currently a cia aberta.,false,Not a federal SOE. Natureza=2054 (SA fechada).,foreign,pending,"Valor capital_origem=SU. RF BUNGE ALIMENTOS S/A capital=3089948049.43. Parent is not Brazilian: Bunge.com Contact Us lists Global Headquarters in Chesterfield, MO, USA and a Geneva, Switzerland office (Valor SU vs current US HQ page — both non-BR). Brazilian CEO is not default controller.",CVM cad_cia_aberta CD_CVM=2593 DT_CANCEL=2002-10-08; https://bunge.com/Contact-Us; Valor capital_origem=SU; BD br_me_cnpj cnpj_basico=84046101,"basedosdados.br_me_cnpj.empresas+estabelecimentos (partition data=2026-01-11, billing_project=billionarewatcher)",2026-08-24
16,Gerdau,Gerdau S.A.,33611500,33611500000119,true,"CVM cad_cia_aberta.csv (latin-1; downloaded 2026-08-24 from dados.cvm.gov.br): SIT=ATIVO CD_CVM=3980 CNPJ=33.611.500/0001-19 CATEG_REG=Categoria A CONTROLE_ACIONARIO=PRIVADO DENOM_SOCIAL=GERDAU S.A.; related listed issuer Metalúrgica Gerdau SA CD_CVM=8656 CNPJ=92.690.783/0001-09 is a different company (holding), not used as this row's CNPJ.",false,Not a federal SOE. CVM CONTROLE_ACIONARIO=PRIVADO.,listed,pending,RF exact GERDAU S.A. natureza=2046. Do not confuse with Metalúrgica Gerdau.,CVM cad_cia_aberta CD_CVM=3980; BD br_me_cnpj cnpj_basico=33611500,"basedosdados.br_me_cnpj.empresas+estabelecimentos (partition data=2026-01-11, billing_project=billionarewatcher)",2026-08-24
17,ArcelorMittal,Arcelormittal Brasil S.A.,17469701,17469701000177,false,CVM cad_cia_aberta.csv (latin-1; downloaded 2026-08-24 from dados.cvm.gov.br): no ATIVO (or matching) row for this CNPJ/razao; no ATIVO CVM row for ARCELORMITTAL BRASIL.,false,Not a federal SOE. Natureza=2054 (SA fechada).,foreign,pending,Valor capital_origem=EP. RF ARCELORMITTAL BRASIL S.A. capital=18778159642.68 SA fechada. Brazilian operating company of ArcelorMittal group (parent HQ not Brazil). Rejected ARCELORMITTAL BRASIL ACOS E METAIS LTDA and SSC PARTICIPACOES.,Valor capital_origem=EP; BD br_me_cnpj cnpj_basico=17469701; CVM no ATIVO match,"basedosdados.br_me_cnpj.empresas+estabelecimentos (partition data=2026-01-11, billing_project=billionarewatcher)",2026-08-24
18,Copersucar,Copersucar S.A.,10265949,10265949000177,false,CVM cad_cia_aberta.csv (latin-1; downloaded 2026-08-24 from dados.cvm.gov.br): SIT=CANCELADA CD_CVM=22535 CNPJ=10.265.949/0001-77 DT_CANCEL=2011-08-12 DENOM_SOCIAL=COPERSUCAR SA,false,Not a federal SOE. Natureza=2054. CVM CONTROLE_ACIONARIO was PRIVADO when listed.,unlisted,pending,Brazilian unlisted SA (cooperative-origin trading company). RF COPERSUCAR S.A. capital=1775195789.81. Rejected COPERSUCAR COMERCIAL / ARMAZENS GERAIS / LTDA.,CVM cad_cia_aberta CD_CVM=22535 DT_CANCEL=2011-08-12; BD br_me_cnpj cnpj_basico=10265949,"basedosdados.br_me_cnpj.empresas+estabelecimentos (partition data=2026-01-11, billing_project=billionarewatcher)",2026-08-24
19,Mercado Livre,Mercadolivre.com Atividades de Internet Ltda.,03361252,03361252000134,false,"CVM cad_cia_aberta.csv (latin-1; downloaded 2026-08-24 from dados.cvm.gov.br): no ATIVO (or matching) row for this CNPJ/razao; Brazilian Ltda is not a CVM cia aberta. Parent MercadoLibre, Inc. is listed on NASDAQ (MELI), not B3 as this entity.",false,Not a federal SOE. Ltda natureza=2062.,foreign,pending,Valor capital_origem=AG. RF exact MERCADOLIVRE.COM ATIVIDADES DE INTERNET LTDA capital=250662975. Related but distinct: MERCADOLIVRE.COM ATIVIDADES DE INTERNET 2 LTDA 46758492 — not used. LIKE 'MERCADO LIVRE%' is highly ambiguous (dozens of unrelated shops).,Valor capital_origem=AG; BD br_me_cnpj cnpj_basico=03361252; CVM no ATIVO row for this CNPJ,"basedosdados.br_me_cnpj.empresas+estabelecimentos (partition data=2026-01-11, billing_project=billionarewatcher)",2026-08-24
20,BRF,BRF S.A.,01838723,01838723000127,true,CVM cad_cia_aberta.csv (latin-1; downloaded 2026-08-24 from dados.cvm.gov.br): SIT=ATIVO CD_CVM=16292 CNPJ=01.838.723/0001-27 CATEG_REG=Categoria B CONTROLE_ACIONARIO=PRIVADO DENOM_SOCIAL=BRF S.A.,false,Not a federal SOE. CVM CONTROLE_ACIONARIO=PRIVADO.,listed,pending,Categoria B still counts as listed (CVM SIT=ATIVO). Natureza=2046.,CVM cad_cia_aberta CD_CVM=16292; BD br_me_cnpj cnpj_basico=01838723,"basedosdados.br_me_cnpj.empresas+estabelecimentos (partition data=2026-01-11, billing_project=billionarewatcher)",2026-08-24
21,Telefônica Brasil,Telefônica Brasil S.A.,02558157,02558157000162,true,CVM cad_cia_aberta.csv (latin-1; downloaded 2026-08-24 from dados.cvm.gov.br): SIT=ATIVO CD_CVM=17671 CNPJ=02.558.157/0001-62 CATEG_REG=Categoria A CONTROLE_ACIONARIO=PRIVADO DENOM_SOCIAL=TELEFÔNICA BRASIL S.A.; B3 consulta info emp CodCVM=17671 ticker VIVT3 CNPJ 02.558.157/0001-62; posição acionária received 28/04/2025: Telefónica S.A. 38.91% ON + Telefónica Latinoamérica Holding S.L. 37.34% ON.,false,Not a federal SOE. CVM CONTROLE_ACIONARIO=PRIVADO (Brazilian listed vehicle of Spanish parent).,foreign,pending,"Valor capital_origem=EP. Parent Telefónica S.A. (Spain) controls via Telefónica S.A. + Telefónica Latinoamérica Holding S.L. (~77% combined per B3 posição 28/04/2025 and company IR). listed_flag=true (Brazilian cia aberta) but controlador_tipo=foreign because HQ/control is Spain. Moody's Local 09/05/2025: Telefónica S.A. sede na Espanha, 76.3% voting.",CVM cad_cia_aberta CD_CVM=17671; https://bvmf.bmfbovespa.com.br/pt-br/mercados/acoes/empresas/ExecutaAcaoConsultaInfoEmp.asp?CodCVM=17671; Valor capital_origem=EP; BD br_me_cnpj cnpj_basico=02558157,"basedosdados.br_me_cnpj.empresas+estabelecimentos (partition data=2026-01-11, billing_project=billionarewatcher)",2026-08-24
22,Shell,Shell Brasil Petróleo Ltda.,10456016,10456016000167,false,CVM cad_cia_aberta.csv (latin-1; downloaded 2026-08-24 from dados.cvm.gov.br): no ATIVO (or matching) row for this CNPJ/razao,false,Not a federal SOE. Ltda natureza=2062.,foreign,pending,Valor capital_origem=HO. RF SHELL BRASIL PETROLEO LTDA (no trailing period in RF) capital=14697740290. Parent Shell plc (UK/Netherlands group). Not a CVM cia aberta.,Valor capital_origem=HO; BD br_me_cnpj cnpj_basico=10456016; CVM no ATIVO row,"basedosdados.br_me_cnpj.empresas+estabelecimentos (partition data=2026-01-11, billing_project=billionarewatcher)",2026-08-24
23,Cofco International,Cofco International Brasil S.A.,06315338,06315338000119,false,CVM cad_cia_aberta.csv (latin-1; downloaded 2026-08-24 from dados.cvm.gov.br): no ATIVO (or matching) row for this CNPJ/razao,false,Not a Brazilian federal SOE. Natureza=2054. Parent is Chinese state trading group COFCO; that does not make the Brazilian SA a União-controlled SOE under this spec.,foreign,pending,"Valor capital_origem=HK. RF COFCO INTERNATIONAL BRASIL S.A. natureza=2054 capital=6554986363.98 nome_fantasia=COFCO INTL. REJECTED same-name rows with natureza=4120 (produtor rural) capital=0 (61088385, 62329949, 63090486) — ambiguous name, picked the SA fechada with multi-billion capital matching the Valor group.",Valor capital_origem=HK; BD br_me_cnpj cnpj_basico=06315338 natureza=2054; CVM no ATIVO row,"basedosdados.br_me_cnpj.empresas+estabelecimentos (partition data=2026-01-11, billing_project=billionarewatcher)",2026-08-24
24,Rede D'Or,Rede D' Or São Luiz S.A.,06047087,06047087000139,true,CVM cad_cia_aberta.csv (latin-1; downloaded 2026-08-24 from dados.cvm.gov.br): SIT=ATIVO CD_CVM=24821 CNPJ=06.047.087/0001-39 CATEG_REG=Categoria A CONTROLE_ACIONARIO=PRIVADO DENOM_SOCIAL=REDE D'OR SÃO LUIZ S.A.,false,Not a federal SOE. CVM CONTROLE_ACIONARIO=PRIVADO.,listed,pending,RF REDE D'OR SAO LUIZ S.A. natureza=2046 capital=15711359775.89. Rejected REDE D'OR / SAO LUIZ SERVICOS MEDICOS LTDA 14017359 (operating unit).,CVM cad_cia_aberta CD_CVM=24821; BD br_me_cnpj cnpj_basico=06047087,"basedosdados.br_me_cnpj.empresas+estabelecimentos (partition data=2026-01-11, billing_project=billionarewatcher)",2026-08-24
25,Neoenergia,Neoenergia S.A.,01083200,01083200000118,true,CVM cad_cia_aberta.csv (latin-1; downloaded 2026-08-24 from dados.cvm.gov.br): SIT=ATIVO CD_CVM=15539 CNPJ=01.083.200/0001-18 CATEG_REG=Categoria B CONTROLE_ACIONARIO=PRIVADO DENOM_SOCIAL=NEOENERGIA S.A,false,"Not a federal SOE. CVM CONTROLE_ACIONARIO=PRIVADO. Controller is Iberdrola (Spain), not União.",foreign,pending,"Valor capital_origem=EP/BR. Estatuto/AGO 17-04-2025: grupo has as controladora 'a holding espanhola de capital aberto Iberdrola S.A.'. CVM IPE: Iberdrola Energía S.A. is acionista controladora; after Previ sale (closed 31 Oct 2025 per company/Valor) Iberdrola ~83.8%. listed_flag=true (still ATIVO Categoria B as of CVM cadastre download 2026-08-24) despite OPA talk. Person path: FRE 6.1.h / Spanish parent, not Brazilian CEO.",CVM cad_cia_aberta CD_CVM=15539; Neoenergia estatuto 17-04-2025 (Iberdrola S.A. Spain); Valor 31 Oct 2025 Previ sale; BD br_me_cnpj cnpj_basico=01083200,"basedosdados.br_me_cnpj.empresas+estabelecimentos (partition data=2026-01-11, billing_project=billionarewatcher)",2026-08-24
26,Claro Participações,Claro Telecom Participações S.A.,07043628,07043628000113,true,CVM cad_cia_aberta.csv (latin-1; downloaded 2026-08-24 from dados.cvm.gov.br): SIT=ATIVO CD_CVM=23531 CNPJ=07.043.628/0001-13 CATEG_REG=Categoria A CONTROLE_ACIONARIO=PRIVADO DENOM_SOCIAL=CLARO TELECOM PARTICIPAÇÕES S.A.,false,Not a federal SOE. CVM CONTROLE_ACIONARIO=PRIVADO.,foreign,pending,Valor capital_origem=MX (América Móvil). Unusual: the holding is a CVM Categoria A cia aberta (SIT=ATIVO) even though the operating brand is typically treated as private. listed_flag follows CVM ATIVO. controlador_tipo=foreign because group HQ/control is Mexico. RF CLARO TELECOM PARTICIPACOES S/A natureza=2046 capital=11717414047.27.,CVM cad_cia_aberta CD_CVM=23531; Valor capital_origem=MX; BD br_me_cnpj cnpj_basico=07043628,"basedosdados.br_me_cnpj.empresas+estabelecimentos (partition data=2026-01-11, billing_project=billionarewatcher)",2026-08-24
27,Suzano,Suzano S.A.,16404287,16404287000155,true,CVM cad_cia_aberta.csv (latin-1; downloaded 2026-08-24 from dados.cvm.gov.br): SIT=ATIVO CD_CVM=13986 CNPJ=16.404.287/0001-55 CATEG_REG=Categoria A CONTROLE_ACIONARIO=PRIVADO DENOM_SOCIAL=SUZANO S.A.,false,Not a federal SOE. CVM CONTROLE_ACIONARIO=PRIVADO.,listed,pending,RF SUZANO S.A. natureza=2046 nome_fantasia=SUZANO PAPEL E CELULOSE.,CVM cad_cia_aberta CD_CVM=13986; BD br_me_cnpj cnpj_basico=16404287,"basedosdados.br_me_cnpj.empresas+estabelecimentos (partition data=2026-01-11, billing_project=billionarewatcher)",2026-08-24
28,Acelen,Refinaria de Mataripe S.A.,41777706,41777706000141,false,CVM cad_cia_aberta.csv (latin-1; downloaded 2026-08-24 from dados.cvm.gov.br): no ATIVO (or matching) row for this CNPJ/razao,false,"Former Petrobras RLAM, sold 2021. Not União-controlled. Natureza=2054. Acelen RI 30 Nov 2021: control transferred from Petrobras to Acelen/Mubadala Capital.",foreign,pending,"Valor capital_origem=EA. RF REFINARIA DE MATARIPE S.A. capital=5619073324 nome_fantasia=ACELEN. Acelen RI: Mubadala Capital (asset-management subsidiary of Mubadala Investment Company, 'investidor soberano global com sede em Abu Dhabi') assumed control 30 Nov 2021. Parent HQ UAE. Not a Brazilian federal SOE.",https://ri.acelen.com.br/mubadala-capital-assume-controle-da-refinaria/; Valor capital_origem=EA; BD br_me_cnpj cnpj_basico=41777706,"basedosdados.br_me_cnpj.empresas+estabelecimentos (partition data=2026-01-11, billing_project=billionarewatcher)",2026-08-24
29,Equatorial,Equatorial S.A.,03220438,03220438000173,true,CVM cad_cia_aberta.csv (latin-1; downloaded 2026-08-24 from dados.cvm.gov.br): SIT=ATIVO CD_CVM=20010 CNPJ=03.220.438/0001-73 CATEG_REG=Categoria A CONTROLE_ACIONARIO=PRIVADO DENOM_SOCIAL=EQUATORIAL S.A.,false,Not a federal SOE. CVM CONTROLE_ACIONARIO=PRIVADO. Company has described itself as a corporation without defined controller (InvestNews quoting Equatorial on Sabesp deal).,listed,pending,"Brazilian listed. FRE 6.1 may be empty (no controller) — that is a hole for #25, not skip_soe.",CVM cad_cia_aberta CD_CVM=20010; BD br_me_cnpj cnpj_basico=03220438,"basedosdados.br_me_cnpj.empresas+estabelecimentos (partition data=2026-01-11, billing_project=billionarewatcher)",2026-08-24
30,Grupo Enel,Enel Brasil S.A.,07523555,07523555000167,false,CVM cad_cia_aberta.csv (latin-1; downloaded 2026-08-24 from dados.cvm.gov.br): no ATIVO (or matching) row for this CNPJ/razao,false,Not a Brazilian federal SOE. Natureza=2054. Italian parent Enel S.p.A. is itself partly owned by the Italian state; that is not União.,foreign,pending,"Valor capital_origem=IT. RF ENEL BRASIL S.A (no second period) capital=52480943635.38. Relatório da Administração Enel Brasil 2022: 'O Grupo Enel, por meio da Enel Américas S.A., sediada no Chile, detém 100% do Capital Social votante da Companhia (99,56% do capital total).' Enel Américas is part of Enel S.p.A. (Rome). Rejected ENEL BRASIL INVESTIMENTOS SUDESTE S.A.",Valor capital_origem=IT; Enel Brasil Relatório da Administração 2022; BD br_me_cnpj cnpj_basico=07523555; CVM no ATIVO row,"basedosdados.br_me_cnpj.empresas+estabelecimentos (partition data=2026-01-11, billing_project=billionarewatcher)",2026-08-24
31,CSN,Companhia Siderúrgica Nacional,33042730,33042730000104,true,CVM cad_cia_aberta.csv (latin-1; downloaded 2026-08-24 from dados.cvm.gov.br): SIT=ATIVO CD_CVM=4030 CNPJ=33.042.730/0001-04 CATEG_REG=Categoria A CONTROLE_ACIONARIO=PRIVADO DENOM_SOCIAL=CIA SIDERURGICA NACIONAL,false,Privatized 1993. CVM CONTROLE_ACIONARIO=PRIVADO. Not União-controlled.,listed,pending,RF COMPANHIA SIDERURGICA NACIONAL natureza=2046. Do not use CSN Mineração S.A. 08.902.291/0001-15 (listed subsidiary).,CVM cad_cia_aberta CD_CVM=4030; BD br_me_cnpj cnpj_basico=33042730,"basedosdados.br_me_cnpj.empresas+estabelecimentos (partition data=2026-01-11, billing_project=billionarewatcher)",2026-08-24
32,Volkswagen,Volkswagen do Brasil Indústria de Veículos Automotores Ltda.,59104422,59104422000150,false,CVM cad_cia_aberta.csv (latin-1; downloaded 2026-08-24 from dados.cvm.gov.br): no ATIVO (or matching) row for this CNPJ/razao,false,Not a federal SOE. Ltda natureza=2062.,foreign,pending,"Valor capital_origem=AL (Alemanha). RF VOLKSWAGEN DO BRASIL INDUSTRIA DE VEICULOS AUTOMOTORES LTDA capital=19678941674. Parent Volkswagen AG, Wolfsburg. Not CVM cia aberta.",Valor capital_origem=AL; BD br_me_cnpj cnpj_basico=59104422; CVM no ATIVO row,"basedosdados.br_me_cnpj.empresas+estabelecimentos (partition data=2026-01-11, billing_project=billionarewatcher)",2026-08-24
33,CPFL Energia,CPFL Energia S.A.,02429144,02429144000193,true,CVM cad_cia_aberta.csv (latin-1; downloaded 2026-08-24 from dados.cvm.gov.br): SIT=ATIVO CD_CVM=18660 CNPJ=02.429.144/0001-93 CATEG_REG=Categoria A CONTROLE_ACIONARIO=PRIVADO HOLDING DENOM_SOCIAL=CPFL ENERGIA SA,false,"Not a Brazilian federal SOE. Controller is State Grid Corporation of China, not União. CVM CONTROLE_ACIONARIO=PRIVADO HOLDING.",foreign,pending,"Valor capital_origem=CH. CPFL RI estrutura acionária (base 28/02/2026): 'A State Grid Corporation of China (SGCC) controla a CPFL Energia por meio de suas subsidiárias ...'. grupocpfl.com.br/institucional/state-grid: SGBP assumed control in 2017, 83.7% of capital. listed_flag=true; controlador_tipo=foreign. Do not use CPFL Energias Renováveis S.A. 08.439.659/0001-50.",https://ri.cpfl.com.br/show.aspx?idCanal=s+78jgyHqZFHM4kmlz0plA%3D%3D; https://www.grupocpfl.com.br/institucional/state-grid; CVM cad_cia_aberta CD_CVM=18660; BD br_me_cnpj cnpj_basico=02429144,"basedosdados.br_me_cnpj.empresas+estabelecimentos (partition data=2026-01-11, billing_project=billionarewatcher)",2026-08-24
34,Grupo Simpar,Simpar S.A.,07415333,07415333000120,true,CVM cad_cia_aberta.csv (latin-1; downloaded 2026-08-24 from dados.cvm.gov.br): SIT=ATIVO CD_CVM=25003 CNPJ=07.415.333/0001-20 CATEG_REG=Categoria A CONTROLE_ACIONARIO=PRIVADO DENOM_SOCIAL=SIMPAR S.A.,false,Not a federal SOE. CVM CONTROLE_ACIONARIO=PRIVADO.,listed,pending,RF SIMPAR S.A. natureza=2046.,CVM cad_cia_aberta CD_CVM=25003; BD br_me_cnpj cnpj_basico=07415333,"basedosdados.br_me_cnpj.empresas+estabelecimentos (partition data=2026-01-11, billing_project=billionarewatcher)",2026-08-24
35,Amaggi,André Maggi Participações S.A.,04786144,04786144000176,false,CVM cad_cia_aberta.csv (latin-1; downloaded 2026-08-24 from dados.cvm.gov.br): no ATIVO (or matching) row for this CNPJ/razao,false,Not a federal SOE. Natureza=2054.,unlisted,pending,Brazilian unlisted holding. RF ANDRE MAGGI PARTICIPACOES S/A capital=4385688278 sede MT. QSA later is sócio not UBO. Public act naming PF Art. 116 controller required for freeze person (#25); else hole.,BD br_me_cnpj cnpj_basico=04786144; CVM no ATIVO row; Valor capital_origem=BR,"basedosdados.br_me_cnpj.empresas+estabelecimentos (partition data=2026-01-11, billing_project=billionarewatcher)",2026-08-24
36,Eletrobras,Centrais Elétricas Brasileiras S.A.,00001180,00001180000126,true,CVM cad_cia_aberta.csv (latin-1; downloaded 2026-08-24 from dados.cvm.gov.br): SIT=ATIVO CD_CVM=2437 CNPJ=00.001.180/0001-26 CATEG_REG=Categoria A CONTROLE_ACIONARIO=ESTATAL DENOM_SOCIAL=AXIA ENERGIA S.A.; B3 ticker migration to AXIA3/AXIA7 (Novo Mercado Jun 2026 per company IR). CVM DENOM_SOCIAL now AXIA ENERGIA S.A. same CNPJ.,false,"NOT União Art. 116 controller. Company IR (ri.axia.com.br perfil corporativo): 'celebramos em março de 2025 o acordo com o Governo Federal, reafirmando o limite de voto no patamar de 10% do capital votante, nos consolidando como uma True Corporation.' Guia de Governança Axia: since 17 Jun 2022 'companhia sem controlador definido (Corporation)'. AGU 26 Mar 2025: União gets 3 CA seats + 1 CF seat by separate election — board rights, not majority AG control. CVM CONTROLE_ACIONARIO=ESTATAL is STALE relative to Lei 14.182/2021 privatization + company IR. RF still CENTRAIS ELETRICAS BRASILEIRAS SA ELETROBRAS natureza=2046 (not 2038). Rejected AXIA ENERGIA S.A. cnpj_basico=59275417 capital=1000 (unrelated shell).",listed,pending,"Valor still labels the group Eletrobras. RF razao not yet renamed to Axia; CVM denom is Axia Energia S.A. Same CNPJ 00.001.180/0001-26. soe_flag=false so freeze_status_hint=pending not skip_soe. FRE 6.1 expected empty (no controlador) → hole on #25, not PF stand-in. Do not freeze CEO/minister/CA chair.",https://ri.axia.com.br/a-axia/perfil-corporativo/; CVM cad_cia_aberta CD_CVM=2437 CNPJ=00.001.180/0001-26; BD br_me_cnpj cnpj_basico=00001180; https://www.gov.br/agu/pt-br/comunicacao/noticias/agu-e-eletrobras-finalizam-negociacoes-que-definem-governanca-da-empresa,"basedosdados.br_me_cnpj.empresas+estabelecimentos (partition data=2026-01-11, billing_project=billionarewatcher)",2026-08-24
37,Cemig,Companhia Energética de Minas Gerais,17155730,17155730000164,true,CVM cad_cia_aberta.csv (latin-1; downloaded 2026-08-24 from dados.cvm.gov.br): SIT=ATIVO CD_CVM=2453 CNPJ=17.155.730/0001-64 CATEG_REG=Categoria A CONTROLE_ACIONARIO=ESTATAL DENOM_SOCIAL=CIA ENERG MINAS GERAIS - CEMIG,false,"Controller is Estado de Minas Gerais, NOT União. Spec soe_flag=true only if União is the controller / federal SOE. Cemig RI composição acionária (ref. Jul 2026, updated 5 Aug 2026): Estado de Minas Gerais 50.97% ON (17.04% total). Fato relevante 01 Aug 2025: 'Estado de Minas Gerais, acionista controlador da Companhia'. Natureza=2038 (economia mista estadual). CVM CONTROLE_ACIONARIO=ESTATAL refers to state, not federal União.",listed,pending,"State SOE (MG), not federal. freeze_status_hint remains pending per spec (skip_soe only if soe_flag). Ticket #25 must NOT emit a PF controlador: the named controller is Estado de MG (not a natural person). Do not freeze CEO/governor/CA chair. Possible future Propag/federalization is not yet control.",https://ri.cemig.com.br/governanca-corporativa/composicao-acionaria; Cemig Fato Relevante 2025-08-01 CNPJ 17.155.730/0001-64; CVM cad_cia_aberta CD_CVM=2453; BD br_me_cnpj cnpj_basico=17155730,"basedosdados.br_me_cnpj.empresas+estabelecimentos (partition data=2026-01-11, billing_project=billionarewatcher)",2026-08-24
38,RD Saúde,Raia Drogasil S.A.,61585865,61585865000151,true,CVM cad_cia_aberta.csv (latin-1; downloaded 2026-08-24 from dados.cvm.gov.br): SIT=ATIVO CD_CVM=5258 CNPJ=61.585.865/0001-51 CATEG_REG=Categoria A CONTROLE_ACIONARIO=PRIVADO DENOM_SOCIAL=RAIA DROGASIL S.A.,false,Not a federal SOE. CVM CONTROLE_ACIONARIO=PRIVADO.,listed,pending,RF RAIA DROGASIL S/A natureza=2046 nome_fantasia=RD SAUDE.,CVM cad_cia_aberta CD_CVM=5258; BD br_me_cnpj cnpj_basico=61585865,"basedosdados.br_me_cnpj.empresas+estabelecimentos (partition data=2026-01-11, billing_project=billionarewatcher)",2026-08-24
39,Louis Dreyfus Company,Louis Dreyfus Company Brasil S.A.,47067525,47067525000108,false,CVM cad_cia_aberta.csv (latin-1; downloaded 2026-08-24 from dados.cvm.gov.br): no ATIVO (or matching) row for this CNPJ/razao,false,Not a federal SOE. Natureza=2054.,foreign,pending,Valor capital_origem=FR. RF LOUIS DREYFUS COMPANY BRASIL S.A. capital=1645461888.83. Parent Louis Dreyfus Company (France). Not CVM cia aberta.,Valor capital_origem=FR; BD br_me_cnpj cnpj_basico=47067525; CVM no ATIVO row,"basedosdados.br_me_cnpj.empresas+estabelecimentos (partition data=2026-01-11, billing_project=billionarewatcher)",2026-08-24
40,Magazine Luiza,Magazine Luiza S.A.,47960950,47960950000121,true,CVM cad_cia_aberta.csv (latin-1; downloaded 2026-08-24 from dados.cvm.gov.br): SIT=ATIVO CD_CVM=22470 CNPJ=47.960.950/0001-21 CATEG_REG=Categoria A CONTROLE_ACIONARIO=PRIVADO DENOM_SOCIAL=MAGAZINE LUIZA SA,false,Not a federal SOE. CVM CONTROLE_ACIONARIO=PRIVADO.,listed,pending,RF MAGAZINE LUIZA S/A natureza=2046.,CVM cad_cia_aberta CD_CVM=22470; BD br_me_cnpj cnpj_basico=47960950,"basedosdados.br_me_cnpj.empresas+estabelecimentos (partition data=2026-01-11, billing_project=billionarewatcher)",2026-08-24
41,WEG,WEG S.A.,84429695,84429695000111,true,CVM cad_cia_aberta.csv (latin-1; downloaded 2026-08-24 from dados.cvm.gov.br): SIT=ATIVO CD_CVM=5410 CNPJ=84.429.695/0001-11 CATEG_REG=Categoria A CONTROLE_ACIONARIO=PRIVADO HOLDING DENOM_SOCIAL=WEG SA,false,Not a federal SOE. CVM CONTROLE_ACIONARIO=PRIVADO HOLDING.,listed,pending,RF WEG SA natureza=2046.,CVM cad_cia_aberta CD_CVM=5410; BD br_me_cnpj cnpj_basico=84429695,"basedosdados.br_me_cnpj.empresas+estabelecimentos (partition data=2026-01-11, billing_project=billionarewatcher)",2026-08-24
42,Localiza&Co,Localiza Rent a Car S.A.,16670085,16670085000155,true,CVM cad_cia_aberta.csv (latin-1; downloaded 2026-08-24 from dados.cvm.gov.br): SIT=ATIVO CD_CVM=19739 CNPJ=16.670.085/0001-55 CATEG_REG=Categoria A CONTROLE_ACIONARIO=PRIVADO DENOM_SOCIAL=LOCALIZA RENT A CAR SA,false,Not a federal SOE. CVM CONTROLE_ACIONARIO=PRIVADO.,listed,pending,RF LOCALIZA RENT A CAR SA natureza=2046.,CVM cad_cia_aberta CD_CVM=19739; BD br_me_cnpj cnpj_basico=16670085,"basedosdados.br_me_cnpj.empresas+estabelecimentos (partition data=2026-01-11, billing_project=billionarewatcher)",2026-08-24
43,Sabesp,Cia. de Saneamento Básico do Estado de São Paulo,43776517,43776517000180,true,CVM cad_cia_aberta.csv (latin-1; downloaded 2026-08-24 from dados.cvm.gov.br): SIT=ATIVO CD_CVM=14443 CNPJ=43.776.517/0001-80 CATEG_REG=Categoria A CONTROLE_ACIONARIO=ESTATAL DENOM_SOCIAL=CIA SANEAMENTO BÁSICO ESTADO SÃO PAULO,false,"NOT União-controlled. Not even Estado-SP majority after Jul 2024 privatization. Sabesp RI composição acionária data-base 31/07/2026: Governo do Estado de São Paulo 18.0% (incl. 1 PN golden share); Equatorial 15.0%; others 66.5%. Agência Brasil 23 Jul 2024: SP sold 32%, remaining 18.3%. CVM CONTROLE_ACIONARIO=ESTATAL is STALE. Natureza=2046 (not 2038).",listed,pending,"Brazilian listed, no União controller, no defined Art. 116 PF controller on the RI table. FRE 6.1 likely empty / corporation → hole on #25. Do not freeze CEO or Equatorial as controlador without FRE 6.1. Equatorial is 'investidor de referência' 15%, not majority.",https://ri.sabesp.com.br/governanca-corporativa/composicao-acionaria/; CVM cad_cia_aberta CD_CVM=14443; BD br_me_cnpj cnpj_basico=43776517; Agência Brasil 2024-07-23 privatization,"basedosdados.br_me_cnpj.empresas+estabelecimentos (partition data=2026-01-11, billing_project=billionarewatcher)",2026-08-24
44,Comexport,Comexport Cia. de Comércio Exterior,43633296,43633296000190,false,CVM cad_cia_aberta.csv (latin-1; downloaded 2026-08-24 from dados.cvm.gov.br): no ATIVO (or matching) row for this CNPJ/razao,false,Not a federal SOE. Natureza=2054.,unlisted,pending,RF COMEXPORT COMPANHIA DE COMERCIO EXTERIOR capital=2000000000 natureza=2054 matches Valor razao. LIKE 'COMEXPORT%' hits many small trading firms with capital 0 — those were rejected. Unlisted Brazilian SA.,BD br_me_cnpj cnpj_basico=43633296; CVM no ATIVO row; Valor capital_origem=BR,"basedosdados.br_me_cnpj.empresas+estabelecimentos (partition data=2026-01-11, billing_project=billionarewatcher)",2026-08-24
45,Embraer,Embraer S.A.,07689002,07689002000189,true,CVM cad_cia_aberta.csv (latin-1; downloaded 2026-08-24 from dados.cvm.gov.br): SIT=ATIVO CD_CVM=20087 CNPJ=07.689.002/0001-89 CATEG_REG=Categoria A CONTROLE_ACIONARIO=PRIVADO DENOM_SOCIAL=EMBRAER S.A.,false,Privatized 1994. CVM CONTROLE_ACIONARIO=PRIVADO. União golden share (if any remaining) is not Art. 116 majority control. Natureza=2046. Not on SEST União-majority list as controller of this issuer in the same way as Petrobras Carta Anual.,listed,pending,"Brazilian listed. Corporation/golden-share nuances belong in #25 FRE 6.1 walk, not soe_flag.",CVM cad_cia_aberta CD_CVM=20087; BD br_me_cnpj cnpj_basico=07689002,"basedosdados.br_me_cnpj.empresas+estabelecimentos (partition data=2026-01-11, billing_project=billionarewatcher)",2026-08-24
46,Honda,Honda South America Ltda.,43149806,43149806000159,false,CVM cad_cia_aberta.csv (latin-1; downloaded 2026-08-24 from dados.cvm.gov.br): no ATIVO (or matching) row for this CNPJ/razao,false,Not a federal SOE. Ltda natureza=2062.,foreign,pending,"Valor capital_origem=JP. RF exact HONDA SOUTH AMERICA LTDA. capital=119027624 — name matches Valor razao_social exactly. Capital is small vs group FY2024 revenue (R$ 35bn); this looks like a regional holding, not the main auto plant, but we do not substitute a different Honda operating company without Valor naming it. Parent Honda Motor Co., Ltd. (Japan).",Valor capital_origem=JP and razao_social=Honda South America Ltda.; BD br_me_cnpj cnpj_basico=43149806; CVM no ATIVO row,"basedosdados.br_me_cnpj.empresas+estabelecimentos (partition data=2026-01-11, billing_project=billionarewatcher)",2026-08-24
47,Latam,TAM S.A.,01832635,01832635000118,false,CVM cad_cia_aberta.csv (latin-1; downloaded 2026-08-24 from dados.cvm.gov.br): SIT=CANCELADA CD_CVM=16390 CNPJ=01.832.635/0001-18 DT_CANCEL=2012-07-18 DENOM_SOCIAL=TAM S.A.,false,Not a federal SOE. Natureza=2054 after cancel.,foreign,pending,Valor capital_origem=BR/CL. Brazilian TAM S.A. listing cancelled 2012-07-18; RF TAM S/A. capital=6123436976.91. Group parent is LATAM Airlines Group S.A. (Chile). Brazilian CEO is not default controller.,CVM cad_cia_aberta CD_CVM=16390 DT_CANCEL=2012-07-18; Valor capital_origem=BR/CL; BD br_me_cnpj cnpj_basico=01832635,"basedosdados.br_me_cnpj.empresas+estabelecimentos (partition data=2026-01-11, billing_project=billionarewatcher)",2026-08-24
48,Minerva Foods,Minerva S.A.,67620377,67620377000114,true,CVM cad_cia_aberta.csv (latin-1; downloaded 2026-08-24 from dados.cvm.gov.br): SIT=ATIVO CD_CVM=20931 CNPJ=67.620.377/0001-14 CATEG_REG=Categoria A CONTROLE_ACIONARIO=PRIVADO DENOM_SOCIAL=MINERVA S/A,false,Not a federal SOE. CVM CONTROLE_ACIONARIO=PRIVADO.,listed,pending,RF MINERVA S.A. natureza=2046.,CVM cad_cia_aberta CD_CVM=20931; BD br_me_cnpj cnpj_basico=67620377,"basedosdados.br_me_cnpj.empresas+estabelecimentos (partition data=2026-01-11, billing_project=billionarewatcher)",2026-08-24
49,Energisa,Energisa S.A.,00864214,00864214000106,true,CVM cad_cia_aberta.csv (latin-1; downloaded 2026-08-24 from dados.cvm.gov.br): SIT=ATIVO CD_CVM=15253 CNPJ=00.864.214/0001-06 CATEG_REG=Categoria A CONTROLE_ACIONARIO=PRIVADO DENOM_SOCIAL=ENERGISA SA,false,Not a federal SOE. CVM CONTROLE_ACIONARIO=PRIVADO.,listed,pending,RF ENERGISA S/A natureza=2046. Exact 'ENERGISA S.A.' missed because RF uses S/A.,CVM cad_cia_aberta CD_CVM=15253; BD br_me_cnpj cnpj_basico=00864214,"basedosdados.br_me_cnpj.empresas+estabelecimentos (partition data=2026-01-11, billing_project=billionarewatcher)",2026-08-24
50,Grupo Mateus,Grupo Mateus S.A.,24990777,24990777000109,true,CVM cad_cia_aberta.csv (latin-1; downloaded 2026-08-24 from dados.cvm.gov.br): SIT=ATIVO CD_CVM=25186 CNPJ=24.990.777/0001-09 CATEG_REG=Categoria A CONTROLE_ACIONARIO=PRIVADO HOLDING DENOM_SOCIAL=GRUPO MATEUS S.A.,false,Not a federal SOE. CVM CONTROLE_ACIONARIO=PRIVADO HOLDING.,listed,pending,CVM SIT=ATIVO Categoria A so listed_flag=true. RF natureza_juridica=2054 (SA fechada) lags CVM listing — we do not override CVM ATIVO with RF natureza.,CVM cad_cia_aberta CD_CVM=25186; BD br_me_cnpj cnpj_basico=24990777,"basedosdados.br_me_cnpj.empresas+estabelecimentos (partition data=2026-01-11, billing_project=billionarewatcher)",2026-08-24
