person_id,label
p-000ad847,PEDRO ALMEIDA TEIXEIRA MENDES
p-00270a20,VERA JEREISSATI SANTOS
p-00501635,GIL BARTOLOMEU NETO
p-0054a089,JULIA GUPER SANDER
p-006fec47,LUCAS MOTA BOMFIM
p-00d253d4,SAMUEL FERRARI LAGO
p-010da694,LUCCA BARTOLOMEO ABREU SILVA
p-010e2551,LEONARDO BOTELHO ROCHA
p-012ffd81,GABRIEL RALSTON CORREA RIBEIRO
p-01ff1073,MÁRIO BENJAMIM BATISTA DE SIQUEIRA
p-0213628c,CAROLINA CZERNAY GUTIERREZ
p-021669bb,MARIO SERGIO AYRES CUNHA RIBEIRO
p-022a49ca,FÁBIO FERREIRA FIGUEIREDO
p-02386861,SYLVIA WAHRLICH
p-02717066,ANTONIO FERNANDO ABRAHAO DE MORAIS
p-029e6cba,LUCAS FELLIN DE MACEDO
p-02b472c1,ROBERTO EGYDIO SETUBAL
p-02f52298,JULIO EDUARDO SIMÕES
p-031cab91,ALEXANDRE VICENTINI DE QUEIROZ
p-03deb83a,CESAR BORGES DE SOUZA
p-042b72d3,RODRIGO PENNA DE SIQUEIRA
p-0456b485,DANIELA DE ARAUJO COELHO
p-04c34ed3,ESPOLIO DE MAURICIO KLABIN
p-050ee925,CRISTIANO CAMPOZANA DE QUEIROZ
p-0524acf9,MARIA KLABIN
p-052d638b,MARCELO BRAGHETTA CAMARGO
p-055089cb,NICOLAS DE PAULA LEMOS DE MORAES
p-05eceeb6,SALO DAVI SEIBEL
p-06305882,JENNINGS LUIS IGEL HOFFENBERG
p-065c9c3f,LEONARDO KLABIN
p-06760bb1,EDUARDO CZENAY GUITIERREZ
p-06e8f3d8,GESMAIR BARTOLOMEU MILWARD DE AZEVEDO
p-076d45ba,MELISSA WERNINGHAUS
p-07b79eb7,MARIANO GASTON PETERLIN
p-080bb4a5,JULIA DORA ANTONIA KORANYI ARDUINI
p-097aeec9,DANIELA ABRAH?O DE MORAIS
p-09e1ec70,AMANDA KLABIN TKACZ
p-09fe258a,ANTÔNIO MOURÃO GUIMARÃES NETO
p-0a38bc55,MARCELO NIEMEYER HAMPSHIRE
p-0a4d17e9,GERSON HENRIQUE MILWARD DE AZEVEDO
p-0a7fcbd6,FRANCISCO IVENS DE SÁ DIAS BRANCO JÚNIOR
p-0ab7ed89,JAMES EDUARDO BELLINI
p-0b0ce91b,YEHUDA WAISBERG
p-0b1517b7,JULIO RICARDO ANDRIGHETTO MOTTIN
p-0b8c1d07,ANTÔNIO DE ANDRADE SIMÕES NETO
p-0c72f776,LUIZ ALEXANDRE GARCIA
p-0c96f8de,MARIA HELENA KAMINITZ PERES
p-0d179867,GIEM RADUY GUIMARÃES
p-0d6247a9,EVELYN ASSIS MENDONÇA
p-0d7e4b60,RODRIGO SARAIVA LESSA
p-0e2dcf8d,MARIA AURICÉLIA ALVES DE QUEIRÓS
p-0e489460,Felipe Gallo Vettorazzo
p-0ec25065,JANE SAVI DE FREITAS
p-0f5c431e,ISABEL CRISTINA DE ALCÂNTARA QUEIROZ
p-0f711596,Stefano Vettorazzo Marcondes
p-0fab5b2d,FERNANDO HENRIQUE BORGES TRAJANO
p-10036939,MARIA FERNANDA PETERLIN
p-10813f9e,ESPÓLIO DE GRAZIELA LAFER GALVÃO
p-11384df2,SIMONE SILVEIRA JOIOZO LIMA
p-11e495ad,ILSON MATEUS RODRIGUES
p-11f498af,DIETHER WERNINGHAUS
p-1259ae49,JULIA MOTTIN KUHL
p-1268c662,MARIA AUXILIADORA GADELHA FÉLIX NOLASCO LOPES
p-12732a33,Gustavo Vettorazzo Marcondes
p-1282fcb3,GILBERTO MULLER BOTELHO
p-12c80b80,ROSELI BEATRIZ RANDON
p-12eb7483,HENRIQUE MORAES SALVADOR SILVA
p-1305d0ba,ANDRÉ BIER GERDAU JOHANNPETER
p-1348ab32,BEATRIZ ALZUGUIR BOTELHO
p-134ca0da,JUSSARA ELAINE SIMÕES
p-13a0928f,DANIEL FACCINI CASTANHO
p-13c1f15d,GUSTAVO BITTENCOURT BARTOLOMEU
p-141fc462,GUILHERME WEBER LUCE
p-142c889b,GUILHERME SETUBAL SOUZA E SILVA
p-1459b3e2,JULIANA JOHANNPETER FRIEDRICH
p-147c3c83,CLAUDIO JOHANNPETER
p-147f9b49,REGINA CELIA SCANNAVINO DE QUEIROZ
p-15876b4d,MARIA LÚCIA CARDOSO G. FERRAZ
p-15a86fd7,ESPÓLIO DE JOÃO MARQUES DE PAULO
p-15cb7e0a,FABIO ELIAS CURY
p-166c2e76,ANA MARIA LEVY VILLELA IGEL
p-16ac6af1,MARTHA WEBER LUCE
p-16b64a1a,CRISTINA GERDAU JOHANNPETER (ATRAVÉS DOS VEÍCULOS CRIS5PAR LLC E K5CRISPAR TRUST)
p-1753080e,MARIA APARECIDA GIRUNDI BARTOLOMEU PIZZARRO
p-185c76b7,RICARDO CANÇADO GONÇALVES DE SOUZA
p-1868a7b0,MAURIEN HELENA RANDON BARBOSA
p-18a1fd3c,PATRICIA BASTOS AUERBACH
p-19729b11,CRISTIANO MALUCELLI
p-1a42ae02,SARA DE SOUZA
p-1a514aa8,DANIEL RAUL RANDON
p-1a572fe0,ARTHUR TEIXEIRA MENDES NETO
p-1a6d92d4,PAULO SALIM MALUF
p-1ae4b3b2,MARIA CECILIA CAMARGO KNIRSCH
p-1b0a077e,LILIANE SCANNAVINO DE QUEIROZ
p-1b372283,GRACE GIBRAIL KANJO
p-1b38d073,ANTÔNIO CLÁUDIO BRANDÃO RESENDE
p-1b487d80,RENATA JUNQUEIRA MOLL BERNARDES
p-1b83b383,João Pedro Vettorazzo Barbosa Lins
p-1c53da85,JULIANE NAGAO DE SOUZA
p-1c75aa2b,DEBORA BERG IOSCHPE
p-1cc114b9,MARCIA CAMPOS OMETTO TANK
p-1ce774f3,IGOR MACÊDO CUNHA
p-1d0006b7,FERNANDO ROBERTO MOREIRA SALLES
p-1d00cce0,GABRIEL PROVENZALE GUPER
p-1d042f30,RODOLFO VILLELA MARINO
p-1d3520b4,MARCOS NASCIMENTO PEDREIRA
p-1d6d0365,ISABELLA LEMOS DE MORAES
p-1d9e434d,MARCOS MARINHO LUTZ
p-1dfdd2d0,EDIVAR VILELA DE QUEIROZ FILHO
p-1e62f0da,BRUNO MARES TRIVELLATO
p-1ecc43b8,MARCELLO DE ZAGOTTIS
p-1ee77326,ANA HELENA DE MORAES VICINTIN
p-1f4246b9,HORACIO LAFER PIVA
p-1f56e8fc,CHARLES PIMENTEL MARTINS
p-1f5bc3b5,EDUARDO CINTRA SANTOS
p-1f841039,GUILHERME GURGEL DE OLIVEIRA MACÊDO
p-1ffa9e7e,CRISTIANA COUTINHO BELTRÃO
p-20201f97,FRANCISCO CLAUDIO SARAIVA LEÃO DIAS BRANCO
p-20d77db7,IVANA MARES TRIVELLATO
p-20fd468b,EUGÊNIO PACELLI MATTAR
p-21c72211,ALFREDO EGYDIO ARRUDA VILLELA FILHO
p-21c869e9,GUSTAVO HENRIQUE DINIZ DE ARAÚJO
p-222c85e0,ARLINDO PALUDO
p-225c0aa0,RICARDO BRAOIOS
p-229efbb1,CARLOS ROBERTO WIZARD MARTINS
p-22a1991f,LEONARDO BARROS HADDAD
p-22b5538e,JAYME BRASIL GARFINKEL
p-22fdd825,MARIO ERMÍRIO DE MORAES FILHO
p-23383e4b,DAVID ABRAMO RANDON
p-233cbc56,ROSA HELENA COSTA DE MORAES
p-236949a2,ANA LUIZA CARNEIRO BARTOLOMEU
p-237c7893,ESPOLIO DE WILSON LEMOS DE MORAES
p-23a1a92f,MARGARIDA CLÁUDIA PROENÇA DE MACÊDO
p-23fbf213,JOÃO FLAVIO TEIXEIRA LEMOS DE MORAES
p-24461913,AUGUSTO LOPES GOMES
p-247cfdaa,ANTONIO AUGUSTO TORRES DE BASTOS FILHO
p-2491a4ba,ANTONIO CARLOS PIPPONZI
p-24d4c63f,ESPOLIO DE MARIA DE LOURDES TEIXEIRA DE MORAES
p-2504f2c4,IZABELA FEFFER
p-254ff728,CAMILLA DE GODOY BUENO GROSSI
p-25518b73,JOSÉ EDUARDO RIBEIRO GUINLE
p-25c2b099,RONALDO CURY DE CAPUA
p-25d4c9d0,FERNANDA TRIVELLATO ROLLA
p-25ecbe2a,LUIZ CARLOS LOMBA DE MELLO
p-25fe52ce,MARCELO ALCANTARA DE QUEIROZ
p-262d8591,ÉLVIO GURGEL ROCHA
p-2631eb7f,MARIA CRISTINA GOMES VIEIRA
p-264eb16c,DENISE KRUG OMETTO
p-26813a1c,DANIELA KLABIN BASÍLIO
p-26aab452,ELISABETH WEBER TAYLOR
p-26bde55d,FLÁVIO GURGEL ROCHA
p-26ebcc14,JULIA GUIDON SETUBAL WINANDY
p-26fcf14e,MARCELO RIBEIRO DO VALLE SETUBAL
p-27163ffb,JOÃO ALVES DE QUEIROZ FILHO
p-27484ce4,OTAVIO LAGE DE SIQUEIRA FILHO
p-275d7c26,RIZZA FURLETTI BOMFIM
p-27759d11,CLÁUDIA GADELHA FÉLIX MAJELA
p-27950c1b,MATEUS FELLIN DE MACEDO
p-27a7f3ee,DANIEL FEFFER
p-27b2c51c,MORRIS DAYAN
p-27f97b5a,FLÁVIA BITTAR GARCIA FALEIROS
p-282759a0,MAIA PEIXER BEHNKE
p-28901c1b,CLOVIS ERMÍRIO DE MORAES SCRIPILLITI
p-29053eba,GIUGLIANA STANCIOLI BARTOLOMEU DE CARVALHO MENDES
p-294861e7,GUSTAVO BERG IOSCHPE
p-29ad3177,ELISABETH STEINBRUCH SCHWARZ
p-2a132640,ALFREDO CRAVEIRO DE MACÊDO
p-2a693abe,PATRÍCIA MAEOKA AISENGART ACCIOLY
p-2ab994b8,ARTHUR CHAGAS GERDAU JOHANNPETER
p-2ad67f5f,MIKHAEL FEFFER
p-2b1bfe82,Beatriz Penteado Vettorazzo
p-2b2e53b7,RODRIGO BARAÚNA PINHEIRO
p-2bb4f2eb,DORA VOIGT DE ASSIS
p-2bb82ca0,MARTA BIER JOHANNPETER
p-2bb87868,GRACIELE RODRIGUES MORAES
p-2c0b4580,PAULO FERNANDO FERRARI LAGO
p-2c44f69a,ELMO LOPES FERNANDES DE ASSIS
p-2c4ea474,GERALDO OTTO WEBER
p-2c6da2f7,MARCO BILLI
p-2c75d29b,MARIA LUCIA COSTA DE MORAES
p-2c7d71b2,FLÁVIO BRANDÃO RESENDE
p-2cc9ab7e,IGNÁCIO DAUDEN MARTINEZ
p-2cdc324b,ANDRE ALMEIDA PIPPONZI
p-2d2fd563,LIGIA MALUF CURI
p-2d63f16b,ADRIANA GADELHA FÉLIX MAIA
p-2d774f98,WALTER BARTOLOMEU
p-2d7adc88,JULIANA LEMOS DE MORES
p-2da0d55a,LUCIANA OMETTO GEBARA
p-2e4aa185,ALEXANDRE RANDON
p-2e9154c1,EDNAN ARAÚJO MORAES FILHO
p-2ed13d92,ANTONIO MIGUEL GIRUNDI BARTOLOMEU
p-2fb48787,MAURO LITWIN IOCHPE
p-302b0624,PRISCILA CARDOSO FERNANDES DA CUNHA
p-30433961,SOFIA OMETTO TANK BRUGNARO
p-313717db,CRISTIANA NOGUEIRA DE ARAÚJO
p-316935a8,SOLANGE MARIA PEREIRA MARTINEZ
p-31810179,GIBRAIL KINJO ESBER BRAHIM FILHO
p-31ac716f,CRISTIANE HANSEN STEFFEN
p-31b3a7f5,ROSALBA LUISA DUMONCEL TAGLIARI
p-31bac9d8,CLÁUDIO WILSON PEREIRA DE ASSIS
p-329ce4c5,RAFAEL SABINO SALVADOR
p-32dad2d4,LILIAN DA SILVA WERNINGHAUS
p-3361ae87,MAURA TRIVELLATO
p-33ab3cce,SERGIO AUGUSTO GUERRA DE RESENDE
p-33bb4f86,AMARÍLIO PROENÇA DE MACÊDO
p-34c541ae,JOÃO ANNES GUIMARÃES
p-34dc8167,CARLOS MOCHE DAYAN
p-350b3504,NELSON KAUFMAN
p-353d2f89,ANA LUCIA RIBEIRO VALADARES GONTIJO
p-3563fea2,ANA LUIZA ARAÚJO AZEVEDO
p-3574e253,ALVARO STAINFELD LINK
p-35b402fa,RODRIGO UCHOA LUNA
p-35b92c94,FABRÍCIO BITTAR GARCIA
p-36102c0f,SALOMÃO IOSCHPE
p-3626b31f,PAULO JUNQUEIRA MOLL
p-363b106f,JULIO RICARDO MOTTIN NETO
p-36ac01c2,BETTINA IGEL HOFFENBERG
p-37403bef,PAULO ALEXANDER PACHECO BELLINI
p-37424ea5,HUMBERTO GABRIEL CANTU
p-37776b8a,SHEILA TORRES DE MELLO
p-37ba6c9d,CLEUSA CAMPOS GARFINKEL
p-37d0f3a6,VERA LAFER
p-37f652e4,LUIZ HENRIQUE FERNANDES ROSA NORONHA
p-388d2a62,PAULO EGYDIO SETUBAL
p-39091ece,LOURENÇO GURGEL DE OLIVEIRA MACÊDO
p-392bfe45,ALICE BOTELHO BASTOS
p-39c05328,BRUNO CAMPOS GARFINKEL
p-39dcf5fb,IAN BARUCH HORNETT GUPER
p-3a7a1bb5,ALEXANDRE MALUCELLI
p-3a8e3619,ALICE FELLIN DE MACEDO
p-3ae36197,ALEXANDRE GADELHA FÉLIX
p-3b5f6042,RUDOLFO JOSE MUSSNICH
p-3b65734e,PAULO SERGIO BEYRUTI CURI
p-3b8ee70e,CESAR GOMES JUNIOR
p-3be0fdbc,ROSANA BARAÚNA PINHEIRO BAIRES
p-3beb64e9,MÁRCIA REGINA RECIO DE MORAES
p-3c61229f,RAVI ALENCAR DE MACÊDO
p-3cbe26c9,MÁRCIA SALVADOR GÉO
p-3ce2c442,ANA CAROLINA CORONA GOLDFARB
p-3cebed6c,FERNANDO LUIZ ALTÉRIO
p-3d8b4780,NILVA THEREZINHA RANDON
p-3d9739a9,MYRIAN ALTAIR MEIRA
p-3e6b7d53,JOYCE IGEL DE CASTRO ANDRADE
p-3ec2d418,PEDRO MOREIRA SALLES
p-3ecbbd0d,RENATO RICARDO BEHNKE
p-3ee3ba9a,ANA CAROLINA ANDRADE DE ARAUJO LIMA
p-3f3db0c1,FABRÍCIO GHINATO MAINIERI
p-3f3f3cbc,GUILHERME MARTINS DE GODOY PEREIRA
p-3f47c81f,ALBERTO BORGES DE SOUZA
p-3f640fd9,FELIPE BARTOLOMEO MOREIRA
p-403b54bc,RENATO PADOVESE
p-40894d2d,MARIA CLARA BOTELHO PEREZ
p-40ae6dc1,EWALDO MARIO KUHLMANN RUSSO
p-40f90cbf,JOESLEY MENDONÇA BATISTA
p-4126bd31,MARIA ALICE SETUBAL
p-41d12d9e,JACQUES MAGGI QUARTIERO
p-41d9af0d,SILVIO AUGUSTO BATISTA DE SIQUEIRA
p-42127a79,DAN KLABIN
p-42ee6838,ANA LUIZA MARIANO DA ROCHA MOTTIN
p-4329f5b6,WILSON LEMOS DE MORAES JUNIOR
p-4397b74d,SILVIA REGINA FONTOURA DE SIQUEIRA
p-43b383b5,RODRIGO WRIGHT PIPPONZI
p-4434558b,CLÉCIO FÁBIO ZUCCO
p-444d8a06,RODRIGO ROSSETTO DIAS RAMOS
p-44a01604,VICTOR SIMÕES DA SILVA
p-4510d93f,GABRIELA RICHTER GOMES
p-451a9131,PEDRO BARTELLE
p-45485941,ALEXANDRE DE ZAGOTTIS
p-456b3f14,RICARDO WERNINGHAUS
p-45724415,FABIANA DE MORAES MARTIN BIANCO
p-4660184a,PAULO GUILHERME LESER
p-46afc878,CARLOS ROBERTO ALVES
p-47be9b8e,GISLENE RODRIGUES MORAES
p-47db8726,IVAN TRIVELLATO
p-4811a49c,RENATA DRUMMOND DE SIQUEIRA
p-4850ff53,CRISTIANO JOHANNPETER
p-48eb5cfd,MARINA LANGE VIEIRA GUIMARÃES DA SILVA
p-49004187,DAN IOSCHPE
p-4906483b,MARIA DA CONCEIÇÃO COUTINHO BELTRÃO
p-4bc86f92,GERSON BARTOLOMEO FILHO
p-4c128c85,RODRIGO CESAR FORMIGHIERI
p-4cb8b5bd,LISBELA BAPTISTA LAGE DE SIQUEIRA
p-4cc09360,ARTHUR RAINUI PEIXER BEHNKE
p-4ccf0dc2,CLEIDE MARQUES PINTO
p-4cda88be,RICARDO BARTSCH FILHO
p-4d463c78,DANIEL TRIVELLATO ROLLA
p-4d671414,CAMILA CORONA DE GODOY BUENO
p-4dc654f2,NOTWEN DE CASTRO SAYAO CARDOZO
p-4e7a8a2d,MARIANA LUCAS SETUBAL
p-4e8f18f2,HENRIQUE ALMEIDA ANIZELLI
p-4ebfcf43,REGIS PIZZATO
p-4f2bdb06,MARIA ISA CRAVEIRO DE MACEDO
p-4f3f270f,FREDERICO ALCÂNTARA DE QUEIROZ
p-4f98ffc9,JOÃO PEDRO BRAOLLOS NETO
p-4fa90d05,JOÃO MOREIRA SALLES
p-4fb39d12,GERD DA SILVA WERNINGHAUS
p-500e90ea,RICARDO EGYDIO SETUBAL
p-501516db,REGINA PIVA COELHO DE MAGALHÃES
p-503b32f5,RENDRIK FRANÇA FRANCO
p-504e51f9,PATRICIANA MARIA DE QUEIRÓS RODRIGUES
p-518695aa,PEDRO WERNINGHAUS DE CARVALHO
p-51ad2e82,CAROLINA MARINHO LUTZ SETUBAL
p-51edb5a2,DEBORAH UDERMAN
p-51f97a6c,MAURÍCIO NOGUEIRA ESCOBAR
p-5271f8b0,ANA PAULA DE MORAES RIZKALLAH
p-52ba78f0,FABIO TORRES MALUF
p-53555251,JHAYANNA LEMOS DE MORES MAGALHÃES LEITE JAYANETTI
p-5438e9c8,PEDRO AUGUSTO BOTELHO BASTOS
p-543bce99,ALBERTO WRIGHT PIPPONZI
p-54426cdf,BENIAMINO GAVIO
p-545ee02c,GABRIEL DE MATTOS SETUBAL
p-54b08b8e,ALVARO BRAGHETTA CAMARGO
p-55b17a37,BERNARDO BARTOLOMEO MOREIRA
p-55ccc9ca,MARCELA BARTOLOMEO MARTINS
p-561b3bc9,FRANCO BITTAR GARCIA
p-5668e588,DIEGO SIMÕES DA SILVA
p-56ad5c47,BRUNO MOULIN MACHADO
p-56d4594e,GUILHERME DA COSTA PAES
p-5709e5bb,MARIA SOARES DE SAMPAIO GEYER
p-57d25808,ANDRÉ SANTOS ESTEVES
p-58167a7c,EUGÊNIO ERMÍRIO DE MORAES
p-582ebdb4,RICARDO STEINBRUCH
p-58300b67,GUERINO ANIZELLI NETO
p-591b401d,MARIA ISBELA LEMOS DE MORAES
p-5a0a21d8,HEIDI BEHNKE
p-5a3a3ade,SOLANGE MARIA SIMÕES REIS
p-5a43498f,PEDRO HENRIQUE DE OLIVEIRA
p-5aa5d3a2,GABRIELA ZUBARAN DE AZEVEDO PIZZATO
p-5aebb94f,KARINA HARBICH JOHANNPETER
p-5b2cea1f,LUCIANO MAGGI QUARTIERO
p-5b3e9937,ÁUREA MARIA PARDINI
p-5b9cf1fe,FRANK GEYER ABUBAKIR
p-5c188a97,JADNA SAVI DE FREITAS
p-5c6eb6c7,PAULO CESAR BOTELHO BASTOS
p-5cde9c56,DAVI RICARDO BEHNKE
p-5d17f02c,EDUARDO LAFER PIVA
p-5e3431ea,ELIANE GIRUNDI BARTOLOMEU SILVA
p-5e481f10,EDUARDO AUGUSTO PEREIRA DE MENEZES FILHO
p-5e789b3d,JOSÉ ERMÍRIO DE MORAES NETO
p-5ea9292a,JOSÉ CARLOS BOTELHO DE MORAES TOLEDO
p-5f1ab4f5,LUCIO REBELLO
p-5f6f2bbb,RENATO AUGUSTO DE ARAÚJO
p-608cdb5e,MAX VAN HOEGAERDEN HERRMANN TELLES
p-6094b0a0,MARIA EUGENIA LAFER GALVÃO
p-60b7f8f8,RAFAEL MOIA VARGAS
p-611d831b,BETINA CHAGAS GERDAU JOHANNPETER (ATRAVÉS DOS VEÍCULOS BET5PAR LLC E F5BETPAR TRUST)
p-617ea2b3,LUIZA HELENA TRAJANO INÁCIO RODRIGUES
p-61c9292a,WILSON LEMOS DE MORAES NETO
p-620c94a1,ANTONELLA MARTINS DE QUEIROZ
p-6230c009,SERGIO MAEOKA
p-62540a56,MARILISA QUEIROZ GIANGRANDE
p-6268ea61,LIVIA VOIGT
p-6281813b,MAURICIO KRUG OMETTO
p-62bacf83,BERNARDO KLABIN
p-62d94b0d,BARBARA ARAUJO MILWARD DE AZEVEDO
p-630a9403,LUIS CARLOS MARTINEZ ROMERO
p-6388a3e6,MÁRIO HENRIQUE ALVES DE QUEIRÓS
p-63953d34,GABRIEL KLABIN
p-63ccf29d,MAURO GILBERTO BELLINI
p-6429c3c1,LUÍS ERMÍRIO DE MORAES
p-65255f5f,TÉRCIO BORLENGHI JUNIOR
p-652fd75b,RUBENS ERMÍRIO DE MORAES
p-65552f25,ALVARO SARAIVA LESSA JUNIOR
p-65592681,VICTOR CAVALCANTI PARDINI
p-6568cd3a,FERNANDO CORNETTE MARQUES
p-65d1af58,NINA GUPER SANDER
p-661aad6f,LUIS VITAL DE SOUZA RAMOS VETTORAZZO
p-662affb6,LARA SALVADOR GEO
p-66440eb1,LEONARDO AUGUSTO MACHADO CAMPOS
p-6686dd35,EUGENIO DE ZAGOTTIS
p-66e24efd,HÉLIO MARCOS COUTINHO BELTRÃO
p-6711b1f4,SASSON DAYAN
p-679fdfa9,MARCIO IOCHPE KOLODNY
p-67bfabe0,PEDRO MEZA CAMARGO
p-68a23a95,LUCAS CARRAPATOSO COELHO SIMÕES
p-68a89519,DULCE PUGLIESE DE GODOY BUENO
p-698a633c,LIZETI RODRIGUES DE MENEZES E CASTRO
p-6ab99658,THIAGO CORDEIRO BARTOLOMEU
p-6ae2426d,DANIEL RICARDO BEHNKE
p-6af07451,MIGUEL FRANCISCO ARNAUDO
p-6b591640,JOSÉ ROBERTO ERMIRIO DE MORAES
p-6b724a62,MARIA CAROLINA BARRETTO DE ARAÚJO ABUBAKIR
p-6b8737ea,ENA LUCIA ESCOBAR VERDI CALDEIRA
p-6cd65066,JOÃO MARCELO DUMONCEL
p-6ce1ccb5,ANTONIO DE FREITAS AIQUEL
p-6d9ac107,CARLOS ALBERTO DE FREITAS LIMA
p-6e368fe5,PAULA LUCAS SETUBAL
p-6e4afb27,ELOISA KRUG OMETTO
p-6e4f527e,RICARDO ANNES GUIMARÃES
p-6e7809ba,LARISSA FURLETTI BOMFIM
p-6edf4c54,SEBASTIÃO VICENTE BOMFIM FILHO
p-6edf75b7,RUBENS MENIN TEIXEIRA DE SOUZA
p-6ef9cde6,PAULO TREJES
p-6f80fd78,FERNANDO TORRES MALUF
p-6fbb455a,BEATRIZ REBELLO SALLES
p-6fcd2a1e,LEANDRO KOLODNY
p-6fe3cb54,BRUNO MACÊDO ROSA
p-70baeaf8,CÉSAR GOMES NETO
p-70d8dda2,THAIS SUSANA FERRARI LAGO
p-710dd63a,RAFAEL VICENTINI DE QUEIROZ
p-712fc85f,RAFAEL MARES TRIVELLATO
p-713f13ad,JOANA STUDART DE MACÊDO AGUIAR
p-7152d85a,TANIA MARISA DA SILVA
p-7182be4d,ROBERTA DE SOUZA RAMOS VETTORAZZO MARCONDES
p-71afcd6d,CARLOS EDUARDO MORAES SCRIPILLITI
p-71c45d95,ALINE KOLODNY NEMETZ
p-71c9adb5,FABIO IGEL
p-71dce50a,CAMILA NAGAO DE SOUZA
p-71e7ce3c,LISIANE GURGEL ROCHA
p-724ac198,OMAR ALENCAR DE MACÊDO
p-7345a52b,VIVIEN BOUZAN GOMEZ NAVARRO ROSSO
p-73a733cc,BRUNO ALZUGUIR BOTELHO
p-73b12ad7,OTÁVIO JOSÉ BAPTISTA DE SIQUEIRA
p-747497a6,MARIA BETHANIA NEVES CARVALHO LAGE SIQUEIRA
p-74785ac4,SOFIA GUIMARÃES VON RIDDER
p-749f5505,CLARISSA NOGUEIRA DE ARAUJO
p-74b6bde7,ISMAEL BORGES TRAJANO
p-74cd4e86,MARIA DO CARMO RIPPER KOS
p-7636b07f,CINTIA ALZUGUIR BOTELHO
p-765aac20,RENATO DE PAULA SIMÕES
p-766e2674,RONY DAYAN
p-76790c38,MARIANA VOIGT SCHWARTZ GOMES
p-769fd72e,CHRISTIANE NASCIMENTO DE MORAIS
p-7721e6d9,ELIE HORN
p-778c3fde,Andrea Ometto Tank Breda
p-77cb38bd,MARCOS ERMIRIO DE MORAES
p-788306ab,RODRIGO CARRAPATOSO COELHO SIMÕES
p-78a59237,RAFAEL MACEDO MELLO
p-7900085a,MARINA KAUFMAN BUENO NETTO
p-793faab4,RUBENS OMETTO SILVEIRA MELLO
p-794bb6b8,CELSO FRANCISCO HERNANDES GRANATO
p-79a02e05,RICARDO TORRES DE MELLO
p-7a7bf0bd,ESPÓLIO DE DOROTHÉA STEINBRUCH
p-7aaf4bc3,GUY SALVADOR GEO
p-7acce21a,Isabela Penteado Vettorazzo
p-7b86ae04,LARISSA SCANNAVINO DE QUEIROZ
p-7c02fcb3,VERONICA DIDIER NASCIMENTO PEDREIRA
p-7c10e101,LEDA SOARES NEVES DA CUNHA
p-7c450734,FERNANDA DA COSTA PEREIRA
p-7c6eb583,JÚLIA DA SILVA GEFFERT DE OLIVEIRA
p-7cc112db,ANTONIA DE FREITAS TONIN
p-7cf7480c,MARIA AMELIA GOMES VIEIRA
p-7d0a823f,FERNANDA DIDIER NASCIMENTO PEDREIRA
p-7d7606b6,HELIO BRUCK ROTENBERG
p-7d88f6d0,MANOEL BIRMARCKER
p-7d8ceda0,GILTON GIRUNDI BARTOLOMEU
p-7dc8b431,BEATRIZ DE MATTOS SETUBAL
p-7dfd7533,JOÃO MOREIRA SALLES
p-7e21753e,GUILHERME CHAGAS GERDAU JOHANNPETER
p-7e3391cd,LAÉRCIO JOSÉ DE LUCENA COSENTINO
p-7e93b0ee,JOSÉ SALVINO DE MENEZES
p-7eb6d634,CAROLINA HANSEN
p-7eba49fa,HENRIQUE PENNA DE SIQUEIRA
p-7edeec49,BIANCA TERPINS GARCIA
p-7efc6403,MARIANA DE MACÊDO CUNHA
p-7f3fc508,RUTH MARIA FERREIRA BOTELHO
p-7fc3be74,ESPOLIO DE ORMEO JUNQUEIRA BOTELHO NETO
p-7fdafcf3,ANDRÉ FRANCISCO JUNQUEIRA MOLL
p-80266591,MONICA MALUCELLI DO AMARAL
p-805cd3d2,LUIZ OSÓRIO DUMONCEL
p-80926a7c,PATRICIA AZEVEDO ABI SABER
p-80f418e7,JOSÉ LUIZ EGYDIO SETUBAL
p-812432de,MÁRCIO MACÊDO DE ALMEIDA
p-8140c8b6,WALDEMAR VERDI JÚNIOR
p-818db273,MARIAMA LEMOS DE MORAES MAGALHÃES LEITE JAYANETTI
p-81aaf5d6,RENATO MORAES SALVADOR SILVA
p-81b1a6c1,LUIZ ANTONIO CÊRA OMETTO
p-81dae121,RICARDO RADOMYSLER
p-82677c43,MARIA REGINA ERMÍRIO DE MORAES WAIB
p-82ad06f2,LUCIANO IOCHPE KOLODNY
p-82e625b1,GERMANDO CASTRO DE MACÊDO
p-83107ad5,DANIELA LASERNA SEIBEL
p-8318faa2,MARCELO CONSONNI GOMES
p-831e3028,RICARDO PEREZ BOTELHO
p-835a4a65,ANA FLÁVIA DA SILVA PETRY
p-8480ec43,PRISCILA BARTOLOMEU NEVES
p-848bf0ce,CAMILA BOTELHO ROCHA JANSEN
p-84b28972,JORGE PAULO LEMANN
p-84f481ac,MARIA HELENA MORAES SCRIPILLITI NOSCHESE
p-859f7d99,DAVID FEFFER
p-85b13b0d,EDUARDO DE FREITAS TEIXEIRA
p-85c0959b,DENÍLSON PINHEIRO RODRIGUES
p-860c1b09,RICARDO ERMIRIO DE MORAES
p-863b8fe0,MARCO AURÉLIO SILVA PEREIRA
p-864f9beb,TASSO RIBEIRO JEREISSATI
p-866b8578,FLAVIO MALUF
p-86afab8a,RICARDO EUGÊNIO DE SOUZA RAMOS VETTORAZZO
p-86be8a66,ANTONIO CARLOS DA SILVA
p-8723afa9,ROBERTO TEIXEIRA MENDES
p-87801cc9,CAROLINA LANGE VIEIRA BARCELLOS
p-87c65ae3,ALEXANDRE DA COSTA PEREIRA
p-87e6602d,CIXARES LIBERO VARGAS
p-87eff0c8,ANTONIA KLABIN
p-880a5b2b,FERNANDO CARVALHO DE GODOY PEREIRA
p-887e054b,MAURICIO PEREZ BOTELHO
p-88b8806d,LUIZ ROBERTO FERNANDES MARTINS
p-891ae2dd,NÁDIA GIBRAIL KANJO
p-894d72f9,FLORA TREJES
p-896e3aa0,PAULO ROBERTO BAGGIO
p-89c464ad,LUIZ LAS-CASAS ALVES
p-89d1028f,RICARDO RIBEIRO VALADARES GONTIJO
p-8a25e6b3,FABIANA BRANT DE ARAUJO
p-8a3c937c,JULIANA RENOFIO MARTINS SCHLAAD
p-8aadf481,EDUARDO LIVIO VALARETTO
p-8b275620,CLÁUDIA MÁRCIA MOTA OLIVEIRA BOMFIM
p-8c99152d,REGINA KLABIN XAVIER
p-8d540b34,MARÍLIA BAPTISTA DE SIQUEIRA
p-8d5b0c99,MARCELO CAMPOS OMETTO
p-8d8f7835,JOSÉ KLABIN
p-8db5e3f1,DORA BOTELHO BASTOS
p-8dbe3f79,APARECIDO BERNARDO PEREIRA
p-8dd8d5d2,DEVANILDA GINELZA EWIG
p-8e074cf3,JOSÉ RIBEIRO VIANNA NETO
p-8e22b9cc,MARCELO BATTISTELLA BUENO
p-8e75c261,JOSE E P ANNONI
p-8e8923a7,FERNANDA JOHANNPETER (ATRAVÉS DOS VEÍCULOS FER5PAR LLC E G5FERPAR TRUST)
p-8f4b2205,PATRICIA PEREZ BOTELHO
p-8f9c88bc,VERA LUCIA BRANDÃO COSTA
p-8fb82e01,JORGE NEVAL MOLL NETO
p-9040fdee,BEATRIZ KRUG OMETTO MORENO
p-9083996a,DANIEL MACEDO PITTA
p-90d913cd,MARIELLA OMETTO SCARPARO
p-90ea6ac5,GRACE BITTENCOURT BARTOLOMEU
p-90f54b3c,BRUNO RIZZO SETUBAL
p-92595695,MAXIMILIAN PELISSARI DE SOUZA
p-9313d873,MANUELA MACÊDO ROSA FERREIRA
p-9382de40,RENATA SABINO SALVADOR GRANDE
p-94958ffa,TIAGO MACEDO MELLO
p-95757319,PATRÍCIA MARIA ALENCAR MONTEIRO DE MACÊDO
p-95a9941f,JOSÉ CARLOS FERREIRA COUTO
p-95d18e39,LUCAS WEBER
p-960bf131,ADAGMAR ANDRIOLO
p-96227783,KAMILA RIBEIRO DE CASTRO BRANQUINHO
p-96329849,JORGE LUIZ SAVI DE FREITAS
p-964ad7ba,RAQUEL MARES TRIVELLATO
p-9684a90b,ALEXANDRE MAEOKA
p-96e6a6a8,ESPÓLIO FLAVIO PENTAGNA GUIMARÃES
p-96ff4c40,DAVID KLABIN
p-9761e606,MAURICIO DE FARIA ARAÚJO
p-979b92f5,ROSE KLABIN
p-97a8ca79,STELA KLABIN
p-97c303bd,ROBERTO LUIZ WEBER
p-98140f41,THEO WERNINGHAUS TAVARES
p-98c07b57,PEDRO HORN DE FREITAS
p-99cf7931,CRISTIANO ROXO OMETTO
p-99f3f348,PATRÍCIA WEBER
p-9a3836c6,HENRIQUE RODRIGUES PADOVESE
p-9a59c57b,SILVIO TINI DE ARAÚJO
p-9a99a765,WALTHER MOREIRA SALLES JÚNIOR
p-9aec61d1,GERALDO MAGELA DE OLIVEIRA
p-9afb5629,JOSÉ LUIZ DE GODOY PEREIRA
p-9bf1f492,ROSA MARIA LISBOA KLABIN
p-9c229db5,TÂNIA ALVES BRANT DE FARIA ARAÚJO
p-9c6a210a,VICTÓRIA PROENÇA DE CASTRO MACÊDO
p-9cc620f0,CLAUDIO ERMIRIO DE MORAES
p-9d6c49ec,IVETE POLESE WEBER
p-9da277e0,PEDRO VOIGT TREJES
p-9da6a22b,CLAUDOMIRO PICANÇO CARVALHO NETO
p-9db4a912,MARIA REGINA SARAIVA LEÃO DIAS BRANCO
p-9e358fc7,PEDRO JUNQUEIRA MOLL
p-9e5adaec,THIAGO BARTOLOMEU FONSECA
p-9ee93418,ALICE JUNQUEIRA MOLL
p-9f29d7aa,JOSÉ MARCELO AMATUZZI DE OLIVEIRA
p-a049d123,MARIA JOSÉ RODRIGUES DA CUNHA
p-a055d773,CLOVIS FERREIRA DE MORAIS
p-a0c1eef7,GABRIEL ARAUJO SIMÕES
p-a0c3d651,MARCIO PINHEIRO MENDES
p-a1a9881b,EDUARDO WERNINGHAUS
p-a1da3cef,MARIANA MARIANO DA ROCHA MOTTIN
p-a25a47fb,MARIA NORMA MORAES SILVA
p-a30ff6e0,JÚLIA RECIO DE MORAES HADDAD
p-a382ee76,GUSTAVO KOS BOTELH0
p-a3a0d5b0,ANDREA LASERNA SEIBEL
p-a4f8f5b3,DANIELA CESAR FORMIGHIERI RIGOLINO
p-a526190c,PEDRO CARDOSO FERNANDES DA CUNHA
p-a53caa7b,LEONARDO TORRES DE MELLO
p-a54160d7,FREDERICO KOS BOTELHO
p-a55190d2,PEDRO IGEL DE BARROS SALLES
p-a57a304f,VALERIO GOMES NETO
p-a61e02aa,JOSÉ CAETANO PAULA DE LACERDA
p-a64df172,MARITA SIMÕES
p-a656a1d3,FERNANDO TEIXEIRA MENDES FILHO
p-a6992ffc,ANDRÉ MACEDO PITTA
p-a6a67a89,GABRIELLA DE CAMARGO BARTELLE
p-a7a79a90,KARLA RIBEIRO DE CASTRO BRANQUINHO
p-a7b24f91,JORGE FEFFER
p-a7f1ab2f,MARIA CECILIA BARRETTO DE ARAÚJO ABUBAKIR
p-a7f96048,RODRIGO FAIRBANKS VON UHLENDORFF
p-a83e5f2d,JOÃO BOSCO FONSECA BARTOLOMEO
p-a876e6f1,MARCELO BRAOIOS
p-a8a4e8c0,PAULO S. COUTINHO GALVÃO FILHO
p-a8af159f,PEDRO CARVALHO DE GODOY PEREIRA
p-a8c1e5f9,ANDRE LUIS BOTELHO BASTOS
p-a8ec7b76,MARIA AUXILIADORA BARTOLOMEO
p-a9038806,JANETE SAVI DE FREITAS
p-a93af121,LEONARDO MESQUITA DA CRUZ
p-a93d5580,WOLFF KLABIN
p-a941080d,JANET GUPER
p-a99f0348,HENRIQUE DA SILVA GEFFERT
p-a9b9b4aa,LUIZA RIZZO SETUBAL KAIRALLA
p-aa39c8e3,JOAQUIM WERNINGHAUS TAVARES
p-aa50cb27,CARLOS EDUARDO ZOPPELLO BRENNAND
p-aa8cda36,GRAZIELLI BITTENCOURT BARTOLOMEU
p-aaa06f35,MARIA PAULA LOPES CORONA
p-ab5dac7a,EDUARDO SCANNAVINO DE QUEIROZ
p-ab969513,MÁRCIA IGEL JOPPERT
p-abbdd77f,LUCIA TOSTES MOTTIN
p-abc46a3a,MIRIAM SIQUEIRA KRUG
p-abccab28,ALBERTO DA SILVA GEFFERT
p-ac50d999,ROSILÂNDIA MARIA ALVES DE QUEIRÓS LIMA
p-ac799347,DIANA JEREISSATI LEGEY
p-aca81b25,ÂNGELA MARIA PROENÇA DE MACÊDO
p-ad27c9b2,RAIMUNDO DESIDÉRIO ALVES CAETANO
p-ad34a4fd,OZIRES SALVINO DE MENEZES
p-ad8ef8f9,MARCO ANTÔNIO ANDRADE DE ARAÚJO
p-ad985378,LÍVIA MARIA PROENÇA DE CASTRO MACÊDO
p-add0fbd1,ANDREIA DE SOUZA RAMOS VETTORAZZO
p-ae0f43da,CONSUELO ANDRADE DE ARAÚJO
p-ae32b473,LUCIANA MORAES DE ULHÔA RODRIGUES
p-ae7a2cad,RAFAEL TOSTES MOTTIN
p-ae885612,GABRIELA MORAES DE ULHÔA RODRIGUES
p-ae926df9,IÊDA BARAÚNA PINHEIRO CARVALHO
p-aeef47b9,MELISSA POLESE SCHNEIDER
p-af62e85f,DON DAVID LEMOS DE MORAES MAGALHÃES LEITE JAYANETTI
p-af6b7417,REGINA PARDINI
p-b01f59e4,BRUNO WRIGHT PIPPONZI
p-b0ee9591,VIVIAN VIEIRA ALBRECHT
p-b15055ab,CRISTINA LEVINE MARTINS XAVIER
p-b15b69bf,BRUNA PADOVESE
p-b17795f7,ALESSANDRA ESCOBAR VERDI KLEINERT
p-b1cafeda,ANGELA MARIA CARDOSO FERNANDES DA CUNHA
p-b204d8ce,CAMILA SETUBAL LENZ CESAR
p-b208de80,DANIEL GOMES VIEIRA
p-b2b59ec2,FABIO ERMIRIO DE MORAES
p-b33b7ca8,MARTA ALMEIDA PIPPONZI
p-b37ce92e,ROSY LAVINIA ROQUETTE VERDI
p-b37eef14,ANA CAROLINA RIBEIRO VALADARES GONTIJO
p-b387a9c0,SERGIO BOTELHO DE MORAES TOLEDO
p-b4dfeff6,VANIA MARGARIDA DUMONCEL MARTINS
p-b52b86ef,NILTON TORRES DE BASTOS FILHO
p-b57de983,LUCIA GOMES VIEIRA DELLAGNELO
p-b57fc592,WESLEY MENDONÇA BATISTA
p-b5d3acae,THAYAN NASCIMENTO HARTMANN
p-b5e253e0,JULIA PENNA DE SIQUEIRA
p-b6fed096,GIOVANA MIRONE SABINO OMETTO
p-b71193ae,ÁTILA SIMÕES DA CUNHA
p-b7719454,MARCOS ANTONIO MOLINA DOS SANTOS
p-b7d4c1a7,JOSÉ CARLOS MIRONE OMETTO
p-b7deb4bd,GEORGINA MACÊDO ROSA
p-b81674df,FRANCISCO TOSTES MOTTIN
p-b82d3057,MÔNICA GIBRAIL KANJO DE ÁVILA
p-b88aa196,JOSUÉ UBIRANILSON ALVES
p-b8bc2c7b,FABRINE SIMÕES MARQUES
p-b8c39ff5,SARA KINJO ESBER
p-b90772b8,ISABELA CESAR FORMIGHIERI
p-b955aa8d,SYLVIA LUFTALLA MALUF
p-b98ee0bd,PATRICIA FERREIRA FIGUEIREDO
p-b9ad9c9e,NÍDIA MARIA FAUSTINO CLARO MORAES
p-b9db9330,STELLA PEREZ BOTELHO
p-ba19c3f1,PEDRO GRENDENE BARTELLE
p-ba4c0d23,ANTONIO ERMÍRIO DE MORAES FILHO
p-babe0478,DIOGO FERRAZ DE ANDRADE CORONA
p-babf54a7,CARLOS PIRES OLIVEIRA DIAS
p-baf5ba4a,FABIAN SIMÕES MARQUES
p-bb882ad3,RUBEN FEFFER
p-bb89c5dc,CARLOS NASCIMENTO PEDREIRA FILHO
p-bbb96f23,OTÁVIO ROCHA DE SIQUEIRA
p-bc4f76fd,MARIA THEREZINHA CHAIN?A BRAOLLOS
p-bcd65830,GABRIELA ROXO OMETTO
p-bcdf78be,GABRIELA WEBER LUCE
p-bceb16ac,VICTOR ADLER
p-bd5bc3e8,OMAR MAGID HAUACHE
p-bd91e3be,BEATRIZ DE QUEIROZ LEMANN
p-bdf29e3e,NELSON CARVALHAES NETO
p-be3f3b6d,MAIRA BILLI
p-be505a06,MARIA DE LOURDES MATIAZZO
p-be74c4e4,OLAVO EGYDIO MUTARELLI SETUBAL
p-be7affe7,PAULO HENRIQUE BRANT DE ARAUJO
p-be847931,NELSON DE ALVARENGA MARIANO DA ROCHA
p-beb48096,PAULO DARIO PARANHOS TREJES
p-bebcf1da,BRUNA DA SILVA BARTSCH LANGSCH
p-becfd598,FELIPE RODRIGUES PADOVESE
p-bf121bc9,MARCELO ROXO OMETTO
p-bf1f4065,RAFAEL MACÊDO ROSA
p-bf59b79d,TATIANA BARTOLOMEU FONSECA
p-bfcddb34,FELIPE LEMOS DE MORAES
p-c00c6ca5,HÉLIO MÁRCIO BATISTA DE SIQUEIRA
p-c016b92e,CAROLINA RENOFIO MARTINS DUCHENE
p-c053ac2c,ROSALIA PIPPONZI RAIA DE ALMEIDA PRADO
p-c07d7248,LUIS RENATO GUIMARÃES LIVERI
p-c0887dde,SÍLVIA PINHEIRO PACÍFICO
p-c0906b54,ANNA MARIA GUELPA HAUACHE
p-c0e39478,JOANNA HORN DE FREITAS
p-c1264ad8,MARCELA SIMÕES MARQUES
p-c12edbc7,TAINA LEMOS DE MORAES FERREIRA
p-c12efc65,ANDERSON PELISSARI DE SOUZA
p-c16239b5,NEIDE HELENA DE MORAES
p-c27323e4,FREDERICO BARTOLOMEO MARTINS
p-c304c24b,CLAUDIA ABRAHAO DE MORAIS
p-c33a2591,SALIM DAYAN
p-c36dbc7c,ALEXANDRE BRAOIOS
p-c3861b94,LIA JEREISSATI ARY
p-c42eece6,RICHARD CHAGAS GERDAU JOHANNPETER
p-c43aca55,NATÁLIA FAUSTINO COSTA DE MORAES
p-c4d1d94e,PEDRO DE GODOY BUENO
p-c4df5821,JOSÉ HENRIQUE DIAS SALVADOR
p-c52060dd,LOUISE BARTOLOMEU COUTINHO VILLELA
p-c5cb322d,RUI MONTEIRO DE BARROS MACIEL
p-c63f4853,BETTY V. FEFFER
p-c6597a42,OLAVO EGYDIO SETUBAL JÚNIOR
p-c6acea12,PAULO SÉRGIO MENEZES GARCIA
p-c75d2f8d,OTAVIO MALUF
p-c79abb12,ROBERTO CORNETTE MARQUES
p-c7a94dc2,REGINA COELI BARTOLOMEU NEVES
p-c7a9c34d,FELIPE HANSEN
p-c84e0719,MARCOS MACEDO PITTA
p-c8ab140c,JAIR LAGE DE SIQUEIRA NETO
p-c8fcab18,GUILHERME PASETTO LESER
p-c90a94ff,LUCAS RADUY GUIMARÃES
p-c98509cf,AUGUSTO LANGE VIEIRA
p-c9a7766b,DON LEOPOLDO LEMOS DE MORAES MAGALHÃES LEITE JAYNETTI
p-c9b667b5,RENATO SILVEIRA JOIOZO
p-ca1a13d7,RÔMULO FACCINI CASTANHO
p-ca22e731,ENEIDA CAMPOZANA DE QUEIROZ
p-ca5904c3,BENY MARIA VERDI HADDAD
p-ca645ca0,FERNANDO GALLETTI DE QUEIROZ
p-ca8abd5b,SAMIR DE SOUZA ABDUL
p-caaf3e10,TERESA MARCIA NASCIMENTO DE MORAIS
p-cac143a6,ANA HELENA GODOY PEREIRA DE ALMEIDA PIRES
p-cb00e854,MARIA COUTINHO BELTRÃO
p-cb0a7f15,ISABELLA TORRES MALUF VASCONCELLOS
p-cb2482c4,LEONARDO BARTOLOMEU NEVES
p-cb517e3e,CLOVIS FERREIRA DE MORAIS JUNIOR
p-cb96a466,RAUL TADEU BATISTA DE SIQUEIRA
p-cbb7fdd7,AMELIE VOIGT TREJES
p-ccc46674,PEDRO MORAES DE ULHÔA RODRIGUES
p-cccefb83,LETÍCIA TRIVELLATO ARRUDA
p-cd6770e8,CAROLINA CONSONI GOMES MALUCELLI
p-cd7a4b97,FELIPE JOHANNPETER (ATRAVÉS DOS VEÍCULOS FEL5PAR LLC E K5FELPAR TRUST)
p-cdbc8c4e,IVAN MÜLLER BOTELHO
p-ce1103d6,NOBERTO NOGUEIRA PINHEIRO
p-ce2edca9,DÉBORA BRAOLLOS
p-cf17dea2,WALTER JANSSEN NETO
p-cf429160,REGINA ANNES GUIMARÃES
p-cf538a76,LISABETH S. SANDER
p-d01b11ed,MARIA IGNEZ ESCOBAR VERDI
p-d02bceb2,FELIPE VOIGT TREJES
p-d02e2ddd,PEDRO NOAH HORNETT GUPER
p-d05ce4ad,CHRISTIANE NEVES LAGE DE SIQUEIRA DAHER
p-d07ebb0b,ROSALDO MALUCELLI
p-d09d0ee6,RENATA DA SILVA JANSSEN DECKER
p-d0bdff80,GUILHERME FONTES RIBEIRO
p-d0ca8cd9,RENATO MONTEIRO DOS SANTOS
p-d0d17788,FLAVIA SALVADOR LIGÓRIO
p-d0d2e13f,FERNANDO SETUBAL SOUZA E SILVA
p-d0d6a63f,VANESSA SIMÕES SILVA CAVALCANTI
p-d0d9273a,ROGÉRIO RABELO
p-d0f821c1,LINCOLN PIMENTEL MARTINS
p-d15c8bf0,JOEL MALUCELLI
p-d229acc7,JULIA MALUCELLI
p-d28df6b5,FRANCISCO DEUSMAR DE QUEIRÓS
p-d2c5d040,MARIA NORMA SALVADOR LIGÓRIO
p-d327f0a5,ESTEBAN MALPICA FOMPEROSA
p-d33f8cc5,MARIA CLARA LOPES CORONA
p-d3cc9ed4,ANNE MARIE WERNINGHAUS
p-d3f94037,ANTONIO ALVES BENJAMIM NETO
p-d408504f,SANDRA MARIA DE ARAÚJO SIMÕES
p-d48a8c7c,LEONARDO TRIVELLATO ROLLA
p-d49364c9,BEATRIZ BIER JOHANNPETER
p-d5231da6,DANIELA CARVALHO RESENDE ARGES
p-d55f1bfc,ANA MARTA PEREIRA GARCIA
p-d584d2cc,JOSÉ SALIM MATTAR JÚNIOR
p-d5b7fd2a,BENJAMIN STEINBRUCH
p-d6632ef6,LUIZ FELIPE DE CASTRO BRANQUINHO
p-d6c4b4bd,ANTÔNIO CARLOS TOCCHETTO NAPP
p-d6e0b7fc,MARIA BEATRIZ DUMONCEL HOFF
p-d76df28f,LIVIA SALVADOR GEO
p-d794c96c,ANNA DIAS SALVADOR
p-d7db121a,MYRIAM PENNA E SIQUEIRA
p-d80e229c,LUIZ FELIPE CARNEIRO BARTOLOMEU
p-d848d85e,ROSANA ABRAH?O DE MORAIS
p-d8a1370f,ALEXANDRE CRAVEIRO DE MACÊDO
p-d8d698dd,ALBERTO KLABIN
p-d91896df,LUISA WERNINGHAUS BERNOLDI
p-d918f522,DAVI COUTO FROTA
p-d96d26db,ROSELI WERNINGHAUS
p-d9f46f55,CASSIANA PELISSARI DE SOUZA RODRIGUES
p-da1427f2,MARCOS BOSI FERRAZ
p-da2e3d63,RENATO FEITOSA RIQUE
p-da3e3836,JOAQUIM DA SILVA FERREIRA
p-da48c158,RAPHAEL NEVES LAGE DE SIQUEIRA
p-da83c23a,RICARDO VILLELA MARINO
p-db4a81dc,LUIZ HENRIQUE ANDRADE DE ARAÚJO
p-dba6165c,BRENO MACEDO MELLO
p-dbce5574,JOÃO AUGUSTO FERREIRA RESENDE
p-dbeae7ee,BRENO BARTOLOMEU RECCHIONI
p-dbf7401a,ADRIANA BOTELHO BASTOS ZAVERUCHA
p-dc5dc2f8,JOSÉ ISAAC PERES
p-dc8f9ab4,ADRIANA BRAOLLOS
p-dcd62d6a,SILVIA DRUMMOND DE SIQUEIRA
p-dd06c23a,GLAUCIA STIFELMAN IOSCHPE
p-dd3cf03b,HELENA MARINA DA SILVA PETRY
p-de82852e,REGINA HELENA SCRIPILLITI VELLOSO
p-deaf3747,FRANCISCO MARCOS SARAIVA LEÃO DIAS BRANCO
p-dfc9c6d3,JOSE MARIA BARALE
p-dfe70769,RAFAEL PROVENZALE GUPER
p-dfef8e07,JORGE NEVAL MOLL FILHO
p-e00eb3b4,DENIS PIZZATO
p-e014899b,PAULO SETUBAL NETO
p-e1365405,EDUARDO DE ALMEIDA SANTOS
p-e172fe63,CACILDA DELEGAVE BIRMARCKER
p-e2b7877f,JOÃO PAULO CARDOSO FERNANDES DA CUNHA
p-e2bd156a,ANA LÚCIA DE MATTOS BARRETTO VILLELA
p-e2ecb2dd,GISELE TRAJANO
p-e2f8ff07,ALEX LASERNA SEIBEL
p-e31b0752,CHRISTIANE BORLENGHI DONADIO
p-e31b35c3,LUIS FERNANDO MEMORIA PORTO
p-e33ab817,MARIA HELENA SILVEIRA
p-e348dce9,LÉA MANELA KLABIN
p-e34fc748,THIAGO MAGGI QUARTIERO
p-e4200bbb,FERNANDO LOPES ALBERTO
p-e4b6f1e6,CRISTIANO RODRIGUES DA CUNHA
p-e5346f75,MIGUEL TOSTES MOTTIN
p-e57ac356,MILENA SIMÕES ARCOVERDE
p-e637bdb9,MARIA DE LOURDES LOPES FERRARI CHAUFFAILLE
p-e67cd773,CAROLINA FERNANDES DA CUNHA CERQUEIRA DA SILVA
p-e685cd09,THOMAS WERNINGHAUS TAVARES
p-e696a7fe,Giuliana Vettorazzo Barbosa Lins
p-e72fa01a,FERNANDO DE CASTRO MARQUES
p-e753ea36,ANTONIO CARLOS CANTO PORTO FILHO
p-e756f53a,LUIZ BARSI FILHO
p-e7c61c3a,Luiza Gallo Vettorazzo
p-e7ce9682,MÁRCIO NAGAO DE SOUZA
p-e8022ca0,EDUARDO VOIGT SCHWARTZ
p-e83173b3,NAZIRA GIBRAIL KANJO NASSER
p-e83a8182,DAGMAR ROLLO FIGUEIREDO
p-e85cfa87,ALEX ALVES DOS SANTOS BRITO
p-e886ae8c,DANILO RODRIGUES PADOVESE
p-e8afaf8a,MÁRCIA BARAÚNA PINHEIRO
p-e9a24131,ANDRÉA MACÊDO CUNHA CÂMARA
p-e9cea5b5,MARCELA DE AZEVEDO PIZZATO
p-e9d84695,BERNARDO MALPICA HERNÁNDEZ
p-e9f35507,SÉRGIO LUIS RAMOS MARTINS
p-ea0204cd,TEREZA PENNA DE SIQUEIRA
p-ea4eb254,MONICA PEREZ BOTELHO
p-ea82216a,VERA REGINA COSTA DE MORAES
p-eac6e9bd,MARCEL HERMAN TELLES
p-eb101ae8,PAULA DA SILVA JANSSEN
p-eb820b95,REGINALDO MACÊDO DE ALMEIDA
p-ec006582,PAOLA MALUCELLI DE ARRUDA
p-ec00991b,MANOEL DIAS DE MACÊDO NETO
p-ec193c6b,ROBERTO KLABIN MARTINS XAVIER
p-ec34d9ac,ADRIANA MIRONE OMETTO
p-ec790b8a,CLEITA DE CASTRO MARQUES
p-ed3f85fd,CARLOS ALBERTO DA VEIGA SICUPIRA
p-ed7fcef6,JOSÉ GILBERTO HENRIQUES VIEIRA
p-ed95dcc3,ALVARO CARDOSO FERNANDES DA CUNHA
p-edaa3573,JOANA ZIMMERMANN DA SILVA
p-ee325ed3,JULIA DIAS SALVADOR
p-ee568d5f,ISABEL MEZA CAMARGO
p-ee7b22d1,ILSON MATEUS RODRIGUES JUNIOR
p-ee9d3635,MIRIAM GOMES VIEIRA DE ANDRADE
p-ef0d702b,LUCA FONTOURA PATI
p-ef260aca,JOSÉ DIAS MACÊDO NETO
p-ef33f8e3,ALFREDO EGYDIO SETUBAL
p-efb261d1,ALBERTO PORTUGAL MILWARD DE AZEVEDO
p-f0299bc9,PATRICIA RIBEIRO DO VALLE SETUBAL
p-f07570d4,FELIPE SALVADOR LIGÓRIO
p-f088e90f,JOSÉ F A PIZZATO ANNONI
p-f1f60ad2,SOFIA BARTOLOMEO ABREU E SILVA
p-f22f3a1d,GABRIEL MALUCELLI
p-f25ff412,DIRLEY PINGNATTI RICCI
p-f2861dc9,ÂNGELA ANNES GUIMARÃES
p-f2c05fee,DANIELA OMETTO RIBEIRO
p-f3bdf8a1,VITOR WERNINGHAUS DE CARVALHO
p-f3c190ea,MARCIA APARECIDA PASCOAL MARÇAL DOS SANTOS
p-f42e6571,ADRIANA GALLETTI DE QUEIROZ MELCHER
p-f48ec877,VALSI VOIGT
p-f4a30112,JOSÉ ROBERTO MENEZES GARCIA
p-f511f986,GERMANA JOHANNPETER STEIMAN
p-f5265a8f,MARIA ÂNGELA DE MOURA
p-f53dc520,IBAR VILELA DE QUEIROZ
p-f57c25d0,ADRIANA MOTTIN VELLINHO
p-f57f23ee,CARLOS HENRIQUE ALVES DE QUEIRÓS
p-f580e780,LIVIA GADELHA FELIX PÁDUA
p-f586b38a,MARIA AUGUSTA DE FREITAS FRANCALACCI
p-f587b253,LUIZ FELIPE DUARTE MARTINS COSTA
p-f5bde2d4,ZAIRA ZIMMERMANN DA SILVA FERNANDES
p-f5db61d3,GIOVANA BARTELLE
p-f5e02f7a,ANA LUIZA CAMPOS GARFINKEL
p-f5f008f9,CRISTIANA ALMEIDA PIPPONZI
p-f622b9a1,RODRIGO RIBEIRO DO VALLE SETUBAL
p-f627dcd9,GUSTAVO CZERNAY GUTIERREZ
p-f6da6aac,LEONARDO PADOVESE
p-f6e8cc8d,DON ROGÉRIO LEMOS DE MORAES MAGALHÃES LEITE JAYANETTI
p-f77a0977,FRANCISCO ASCLEPIO BARROSO AGUIAR
p-f7c31d55,PETRONIO AUGUSTO PINHEIRO FILHO
p-f7cb603e,LUDMILA NAGAO DE SOUZA
p-f7d72e59,ANA SOFIA MEZA CAMARGO
p-f7f7b5ab,ROBERTO BALLS SALLOUTI
p-f81b2114,NELSON DE CASTRO PERRONE
p-f8603dda,FERNANDO ANTONIO SIMÕES
p-f90e8c60,ANDRÉ AZEVEDO ABI SABER
p-fa1f1a64,RENATO TRIVELLATO ARRUDA
p-fa784e7f,NADJA PIZZATO
p-fa9e8b66,ANDRÉ DE CAMARGO BARTELLE
p-fabefe85,GUSTAVO BARTOLOMEO RECCHIONI
p-fad7000a,MARIANA WERNINGHAUS DE CARVALHO
p-faf6d605,EVERTON MUFFATO
p-fafd441b,HÉLIO SEIBEL
p-fb42c83f,ALINE GADELHA FÉLIX BARROS
p-fb9e639c,DÉBORA FERREIRA FIGUEIREDO
p-fbb9dbaa,ISABEL PINHEIRO CARVALHO
p-fc014075,JOSÉ DIAS DE MACÊDO FILHO
p-fc325554,RICARDO VALADARES GONTIJO
p-fc546189,TIDE SETUBAL SOUZA E SILVA NOGUEIRA
p-fc78b0fa,ROSANE MARIA FAUSTO HANSEN
p-fca9bcdd,EDGARD GOMES CORONA
p-fcc1018b,MARCELLO GAVIO
p-fd4ff6b4,RAFAELLA POLESE WEBER
p-fda4d4fd,JOÃO GUILHERME SABINO OMETTO
p-fda54dc0,EDALMO LEITE FERNANDES DE ASSIS
p-fe14f267,MAURIZIO BILLI
p-fe29f827,NELSON MARQUES FERREIRA OMETTO
p-fe2dfb4f,SAMMY BIRMARCKER
p-ff362624,MARIA GEORGINA MACÊDO PITTA
p-ff819c3f,BRUNO WERNINGHAUS DE CARVALHO
p-ffdf6202,MARIA DAS GRAÇAS SARAIVA LEÃO DIAS BRANCO
p-fffd4a1c,DIEGO GUPER GERSGORIN
