ranking_family,valor_rank,empresa,razao_social
industrial,1,Petrobras,Petróleo Brasileiro S.A. Petrobras
industrial,2,JBS,JBS S.A.
industrial,3,Raízen,Raizen S.A.
industrial,4,Vale,Vale S.A.
industrial,5,Vibra,Vibra Energia S.A.
industrial,6,Cosan,Cosan S.A.
industrial,7,Marfrig,Marfrig Global Foods S.A.
industrial,8,Ultrapar,Ultrapar Participações S.A.
industrial,9,Grupo Carrefour Brasil,Atacadão S.A.
industrial,10,Cargill,Cargill Alimentos Ltda.
industrial,11,Ambev,Ambev S.A.
industrial,12,Stellantis,Stellantis Automóveis Brasil Ltda.
industrial,13,Braskem,Braskem S.A.
industrial,14,Assaí Atacadista,Sendas Distribuidora S.A.
industrial,15,Bunge Alimentos,Bunge Alimentos S.A.
industrial,16,Gerdau,Gerdau S.A.
industrial,17,ArcelorMittal,Arcelormittal Brasil S.A.
industrial,18,Copersucar,Copersucar S.A.
industrial,19,Mercado Livre,Mercadolivre.com Atividades de Internet Ltda.
industrial,20,BRF,BRF S.A.
industrial,21,Telefônica Brasil,Telefônica Brasil S.A.
industrial,22,Shell,Shell Brasil Petróleo Ltda.
industrial,23,Cofco International,Cofco International Brasil S.A.
industrial,24,Rede D'Or,Rede D' Or São Luiz S.A.
industrial,25,Neoenergia,Neoenergia S.A.
industrial,26,Claro Participações,Claro Telecom Participações S.A.
industrial,27,Suzano,Suzano S.A.
industrial,28,Acelen,Refinaria de Mataripe S.A.
industrial,29,Equatorial,Equatorial S.A.
industrial,30,Grupo Enel,Enel Brasil S.A.
industrial,31,CSN,Companhia Siderúrgica Nacional
industrial,32,Volkswagen,Volkswagen do Brasil Indústria de Veículos Automotores Ltda.
industrial,33,CPFL Energia,CPFL Energia S.A.
industrial,34,Grupo Simpar,Simpar S.A.
industrial,35,Amaggi,André Maggi Participações S.A.
industrial,36,Eletrobras,Centrais Elétricas Brasileiras S.A.
industrial,37,Cemig,Companhia Energética de Minas Gerais
industrial,38,RD Saúde,Raia Drogasil S.A.
industrial,39,Louis Dreyfus Company,Louis Dreyfus Company Brasil S.A.
industrial,40,Magazine Luiza,Magazine Luiza S.A.
industrial,41,WEG,WEG S.A.
industrial,42,Localiza&Co,Localiza Rent a Car S.A.
industrial,43,Sabesp,Cia. de Saneamento Básico do Estado de São Paulo
industrial,44,Comexport,Comexport Cia. de Comércio Exterior
industrial,45,Embraer,Embraer S.A.
industrial,46,Honda,Honda South America Ltda.
industrial,47,Latam,TAM S.A.
industrial,48,Minerva Foods,Minerva S.A.
industrial,49,Energisa,Energisa S.A.
industrial,50,Grupo Mateus,Grupo Mateus S.A.
industrial,51,Samsung,Samsung Eletrônica da Amazônia Ltda.
industrial,52,Grupo Casas Bahia,Grupo Casas Bahia S.A.
industrial,53,Coamo,Coamo Agroindustrial Cooperativa
industrial,54,Votorantim Cimentos,Votorantim Cimentos S.A.
industrial,55,Usiminas,Usinas Siderúrgicas de Minas Gerais S.A. Usiminas
industrial,56,Syngenta,Syngenta Proteção de Cultivos Ltda.
industrial,57,TIM,TIM S.A.
industrial,58,Nestlé,Nestlé Brasil Ltda.
industrial,59,Mosaic Fertilizantes,Mosaic Fertilizantes do Brasil Ltda.
industrial,60,Natura & Co.,Natura & Co Holding S.A.
industrial,61,Aurora,Cooperativa Central Aurora Alimentos
industrial,62,Coca-Cola Femsa Brasil,Spal Indústria Brasileira de Bebidas S.A.
industrial,63,Copel,Companhia Paranaense de Energia
industrial,64,Volvo do Brasil,Volvo do Brasil Veículos Ltda.
industrial,65,Grupo CCR,CCR S.A.
industrial,66,Lar,Lar Cooperativa Agroindustrial
industrial,67,C. Vale,C. Vale - Cooperativa Agroindustrial
industrial,68,Basf,Basf S.A.
industrial,69,Viterra Agriculture,Viterra Agriculture Brasil S.A.
industrial,70,Klabin,Klabin S.A.
industrial,71,Azul,Azul S.A.
industrial,72,Gol Linhas Aéreas,Gol Linhas Aéreas Inteligentes S.A.
industrial,73,Correios,Empresa Brasileira de Correios e Telégrafos - ECT
industrial,74,GPA,Cia. Brasileira de Distribuição
industrial,75,Fertipar,Fertipar Fertilizantes do Paraná Ltda.
industrial,76,PagBank,Pagseguro Internet Instituição de Pagamento S.A.
industrial,77,EDP,EDP Energias do Brasil S.A.
industrial,78,Larco,Larco Comercial de Produtos de Petróleo Ltda.
industrial,79,Grupo Caoa,Hyundai Caoa do Brasil Ltda.
industrial,80,Renault,Renault do Brasil Ltda.
industrial,81,Globo,Globo Comunicação e Participações S.A.
industrial,82,Itaipu,Itaipu Binacional
industrial,83,Volkswagen Caminhões e Ônibus,Volkswagen Truck & Bus Indústria e Comércio de Veículos Ltda.
industrial,84,Sertrading (BR),BTG Pactual Commodities Sertrading S.A.
industrial,85,Drogarias DPSP,Drogarias DPSP S.A.
industrial,86,Yara Brasil,Yara Brasil Fertilizantes S.A.
industrial,87,Iochpe-Maxion,Iochpe-Maxion S.A.
industrial,88,Grupo Dasa,Diagnósticos da América S.A.
industrial,89,Atem,Atem´s Distribuidora de Petróleo S.A.
industrial,90,Hydro Alunorte,Alunorte - Alumina do Norte do Brasil S.A.
industrial,91,Nexa Resources,Nexa Resources S.A.
industrial,92,Grupo Light,Light S.A. - Em Recuperação Judicial
industrial,93,CNH,CNH Industrial Brasil Ltda.
industrial,94,Grupo GPS,GPS Participações e Empreendimentos S.A.
industrial,95,Petrogal,Petrogal Brasil S.A.
industrial,96,Lojas Renner,Lojas Renner S.A.
industrial,97,Grupo Águia Branca,Águia Branca Participações S.A.
industrial,98,Prio,Prio S.A.
industrial,99,Americanas,Americanas S.A. - Em Recuperação Judicial
industrial,100,Timbro Trading,Timbro Trading S.A.
industrial,101,Super Muffato,Irmãos Muffato S.A.
industrial,102,Rumo,Rumo S.A.
industrial,103,Aegea Saneamento,Aegea Saneamento e Participações S.A.
industrial,104,Novelis,Novelis do Brasil Ltda.
industrial,105,Inpasa Agroindustrial,Inpasa Agroindustrial S.A.
industrial,106,ALE,ALE Combustíveis S.A.
industrial,107,ALZ Grãos,Amaggi Louis Dreyfus Zen-Noh Holdings S.A.
industrial,108,Electrolux,Electrolux do Brasil S.A.
industrial,109,CBMM,Companhia Brasileira de Metalurgia e Mineração
industrial,110,Grupo Pereira,Grupo Pereira S.A.
industrial,111,Sotreq,Sotreq S.A.
industrial,112,Whirlpool,Whirlpool S.A.
industrial,113,3tentos,Três Tentos Agroindustrial S.A.
industrial,114,StoneCo,StoneCo Ltd.
industrial,115,Farmácias Pague Menos,Empreendimentos Pague Menos S.A.
industrial,116,Camil,Camil Alimentos S.A.
industrial,117,Randoncorp,Randon S.A. Implementos e Participações
industrial,118,Hospital São Paulo,SPDM Associação Paulista para o Desenvolvimento da Medicina
industrial,119,Havan,Havan S.A.
industrial,120,Anglo American Minério de Ferro Brasil,Anglo American Minério de Ferro Brasil S.A.
industrial,121,Viveo,CM Hospitalar S.A.
industrial,122,Solar Bebidas,Solar Bebidas S.A.
industrial,123,Eneva,Eneva S.A.
industrial,124,Royal Fic,Royal Fic Distribuidora de Derivados de Petróleo S.A.
industrial,125,Engie Brasil Energia,Engie Brasil Energia S.A.
industrial,126,Eurofarma,Eurofarma Laboratórios S.A.
industrial,127,Comigo,Cooperativa Agroindustrial dos Produtores Rurais do Sudoeste Goiano
industrial,128,Copa Energia,Copa Energia S.A.
industrial,129,Cooxupé,Cooperativa Regional de Cafeicultores em Guaxupé Ltda.
industrial,130,FS Agrisolutions,FS Agrisolutions Indústria de Biocombustíveis Ltda.
industrial,131,Tupy,Tupy S.A.
industrial,132,Celesc,Centrais Elétricas de Santa Catarina S.A.
industrial,133,Grupo Potencial,Grupo Potencial S.A.
industrial,134,Cielo,Cielo S.A. - Instituto de Pagamento
industrial,135,Grupo Saga,Saga Brasil Administração e Participações Ltda.
industrial,136,Copacol,Copacol Cooperativa Agroindustrial Consolata
industrial,137,Cencosud,Cencosud Brasil Comercial Ltda.
industrial,138,Profarma,Profarma Distribuidora de Produtos Farmacêuticos S.A.
industrial,139,Ecorodovias,Ecorodovias Infraestrutura e Logística S.A.
industrial,140,VLI,VLI S.A.
industrial,141,Cocamar,Cocamar Cooperativa Agroindustrial
industrial,142,Grupo 3corações,Três Corações Alimentos S.A.
industrial,143,M. Dias Branco,M. Dias Branco S.A. Ind. e Com. de Alimentos
industrial,144,Guararapes,Guararapes Confecções S.A.
industrial,145,EloPar,Elo Participações Ltda.
industrial,146,McDonald's,Arcos Dourados Comércio de Alimentos S.A.
industrial,147,Alcoa,Alcoa Alumínio S.A.
industrial,148,B3,"B3 S.A. - Brasil, Bolsa, Balcão"
industrial,149,Petrobahia,Petrobahia S.A.
industrial,150,Grupo Piracanjuba,Laticínios Bela Vista S.A.
industrial,151,Grupo Koch,Koch Hipermercado Ltda.
industrial,152,TAG,Transportadora Associada de Gás S.A.
industrial,153,MRV&CO,MRV Engenharia e Participações S.A.
industrial,154,Brava Energia,Brava Energia S.A.
industrial,155,Gazin,Gazin Holding S.A.
industrial,156,SLC,SLC Participações S.A.
industrial,157,Rede,Redecard Instituição de Pagamentos S.A.
industrial,158,Marcopolo,Marcopolo S.A.
industrial,159,BP Bunge,BP Bunge Bioenergia S.A.
industrial,160,Cooperalfa,Cooperativa Agroindustrial Alfa
industrial,161,Refinaria da Amazônia - Ream,Refinaria de Manaus S.A.
industrial,162,Azzas 215,Azzas 215S.A.
industrial,163,Cálamo,Cálamo Distribuidora de Produtos de Beleza S.A.
industrial,164,EMS,EMS S.A.
industrial,165,Dexco,Dexco S.A.
industrial,166,CBA,Companhia Brasileira de Alumínio
industrial,167,IFood,IFood.com Agência de Restaurantes Online S.A.
industrial,168,ZF,ZF do Brasil Ltda.
industrial,169,Auren,Auren Energia S.A.
industrial,170,Isa Energia Brasil,Isa Energia Brasil S.A.
industrial,171,Cyrela,Cyrela Brazil Realty S.A. Empreendimentos e Participações
industrial,172,Bianchini,Bianchini S.A. Indústria Comércio e Agricultura
industrial,173,Coopercitrus,Coopercitrus Cooperativa de Produtores Rurais
industrial,174,Lavoro Holding,Lavoro Agro Holding S.A.
industrial,175,Copasa MG,Companhia de Saneamento de Minas Gerais
industrial,176,Samarco,Samarco Mineração S.A. - Em Recuperação Judicial
industrial,177,V.tal,V.tal Rede Neutra de Telecomunicações S.A.
industrial,178,Agrícola Alvorada,Agrícola Alvorada S.A.
industrial,179,Grupo Fleury,Fleury S.A.
industrial,180,C&A,C&A Modas S.A.
industrial,181,Rodoil,Rodoil Distribuidora de Combustíveis S.A.
industrial,182,DMA,DMA Distribuidora S.A.
industrial,183,Sim Combustíveis,Sim Distribuidora de Combustíveis S.A.
industrial,184,Zaffari & Bourbon,Companhia Zaffari Comércio e Indústria
industrial,185,Hypera Pharma,Hypera S.A.
industrial,186,Be8,Be8 S.A.
industrial,187,Bosch,Robert Bosch Ltda.
industrial,188,Atvos Bio,Atvos Bioenergia S.A.
industrial,189,Grupo Vallourec,Vallourec Soluções Tubulares do Brasil S.A.
industrial,190,Caramuru Alimentos,Caramuru Alimentos S.A.
industrial,191,NTS,Nova Transportadora do Sudeste S.A. - NTS
industrial,192,BF Participações,BF Participações S.A.
industrial,193,Tenda Atacado,Tenda Atacado S.A.
industrial,194,São Martinho,São Martinho S.A.
industrial,195,Stefanini Group,Stefanini Participações S.A.
industrial,196,Grupo SBF,Grupo SBF S.A.
industrial,197,CMPC Brasil,CMPC Celulose Riograndense Ltda.
industrial,198,Repsol Sinopec Brasil,Repsol Sinopec Brasil S.A.
industrial,199,MRS Logística,MRS Logística S.A.
industrial,200,Refit,Refinaria de Petróleos de Manguinhos S.A. - Em Recuperação Judicial
industrial,201,Cibra,Cibrafértil - Companhia Brasileira de Fertilizantes S.A.
industrial,202,Agrária,Cooperativa Agrária Agroindustrial
industrial,203,Évora,Évora S.A.
industrial,204,White Martins,White Martins Gases Industriais Ltda.
industrial,205,Sanepar,Companhia de Saneamento do Paraná
industrial,206,Tereos Açúcar & Energia Brasil,Tereos Açúcar & Energia Brasil S.A.
industrial,207,Unidas,Unidas Locações e Serviços S.A.
industrial,208,Kinross,Kinross Brasil Mineração S.A.
industrial,209,Grupo Arteris,Arteris S.A.
industrial,210,Oleoplan,Oleoplan S.A. Óleos Vegetais Planalto
industrial,211,Bayer,Bayer S.A.
industrial,212,Grupo Ambipar,Ambipar Participações e Empreendimentos S.A.
industrial,213,Cogna,Cogna Educação S.A.
industrial,214,Savegnago,Savegnago Participações e Negócios S.A.
industrial,215,Eldorado Brasil,Eldorado Brasil Celulose S.A.
industrial,216,Oxiteno,Oxiteno S.A. Indústria e Comércio
industrial,217,Oncoclínicas,Oncoclínicas do Brasil Serviços Médicos S.A.
industrial,218,EISA,EISA Empresa Interagrícola S.A.
industrial,219,Grupo Lincoln Junqueira,Cia. Agrícola e Pecuária Lincoln Junqueira
industrial,220,Cooperativa Integrada,Integrada Cooperativa Agroindustrial
industrial,221,Hospital Israelita Albert Einstein,Sociedade Beneficente Israelita Brasileira Hospital Albert Einstein
industrial,222,Aperam,Aperam Inox América do Sul S.A.
industrial,223,Albras,Albras Alumínio Brasileiro S.A.
industrial,224,UPL do Brasil,UPL do Brasil Indústria e Comércio de Insumos Agropecuários S.A.
industrial,225,Grupo Martins,Almart Administração e Participações S.A.
industrial,226,FMC,FMC Química do Brasil Ltda.
industrial,227,CTG Brasil,China Three Gorges Brasil Energia S.A.
industrial,228,Frimesa,Frimesa Cooperativa Central
industrial,229,Novartis Biociências,Novartis Biociências S.A.
industrial,230,Porto Sudeste,Porto Sudeste do Brasil S.A.
industrial,231,Embasa,Empresa Baiana de Águas e Saneamento S.A.
industrial,232,Grupo Aço Cearense,WMA Participações S.A.
industrial,233,Lojas Cem,Lojas Cem S.A.
industrial,234,Cooperativa Frísia,Frísia Cooperativa Agroindustrial
industrial,235,Smart Fit,Smartfit Escola de Ginástica e Dança S.A.
industrial,236,Grupo Elfa,Elfa Medicamentos S.A.
industrial,237,Castrolanda,Castrolanda Cooperativa Agroindustrial Ltda.
industrial,238,Allied Tecnologia,Allied Tecnologia S.A.
industrial,239,Grupo Unipar,Unipar Carbocloro S.A.
industrial,240,Rodobens,Rodobens S.A.
industrial,241,Aché,Aché Laboratórios Farmacêuticos S.A.
industrial,242,Yduqs,YDUQS Participações S.A.
industrial,243,Citrosuco,Citrosuco S.A. Agroindústria
industrial,244,BR Autoparts,Companhia Brasileira de Distribuição Automotiva S.A.
industrial,245,Coopavel,Coopavel Cooperativa Agroindustrial
industrial,246,Serasa Experian,Serasa S.A.
industrial,247,Sylvamo,Sylvamo do Brasil Ltda.
industrial,248,Totvs,Totvs S.A.
industrial,249,Coasul,Coasul Cooperativa Agroindustrial
industrial,250,Coca-Cola Andina Brasil,Rio de Janeiro Refrescos Ltda.
industrial,251,AmE,Amazonas Energia S.A.
industrial,252,CEG,Cia. Distribuidora de Gás do Rio de Janeiro CEG
industrial,253,Zemax Log,Zemax Log Soluções Marítimas S.A. - Zmax Group
industrial,254,SMR Participações,SMR Participações e Investimentos S.A.
industrial,255,SAP,SAP Brasil Ltda.
industrial,256,Tambasa,Tecidos e Armarinhos Miguel Bartolomeu S.A.
industrial,257,Delly's Food Service,DFS Holding S.A.
industrial,258,Roche,Produtos Roche Químicos e Farmacêuticos S.A.
industrial,259,Grupo Lider,J. L. Braz Participações S.A.
industrial,260,Aliança Agrícola,Aliança Agrícola do Cerrado S.A.
industrial,261,Dimed,Dimed S.A. Distribuidora de Medicamentos
industrial,262,CMOC Brasil,"CMOC Brasil Mineração, Indústria e Participações Ltda."
industrial,263,Innova,Videolar-Innova S.A.
industrial,264,Usina Coruripe,S.A. Usina Coruripe Açúcar e Álcool
industrial,265,Pernambucanas,Arthur Lundgren Tecidos S.A. Casas Pernambucanas
industrial,266,Tigre,Tigre S.A. Participações
industrial,267,Sonda Supermercados,Sonda Supermercados Exportação e Importação S.A.
industrial,268,Copercana,Cooperativa dos Plantadores de Cana do Oeste do Estado de São Paulo
industrial,269,Líder,Líder Comércio e Indústria Ltda.
industrial,270,Intelbras,Intelbras S.A. Indústria de Telecomunicação Eletrônica Brasileira
industrial,271,Cotrijal,Cotrijal Cooperativa Agropecuária e Industrial
industrial,272,TT Work,TT Work Participações S.A.
industrial,273,Grupo Dass,Dass Nordeste Calçados e Artigos Esportivos S.A.
industrial,274,Belagrícola,Belagrícola Comércio e Representações de Produtos Agrícolas S.A.
industrial,275,State Grid Brazil Holding,State Grid Brazil Holding S.A.
industrial,276,Olfar,Olfar S.A. Alimento e Energia
industrial,277,AgroGalaxy,AgroGalaxy Participações S.A. - Em Recuperação Judicial
industrial,278,Heringer,Fertilizantes Heringer S.A.
industrial,279,Alvoar,Alvoar Lácteos S.A.
industrial,280,Mahle Metal Leve,Mahle Metal Leve S.A.
industrial,281,Zamp,Zamp S.A.
industrial,282,Termomecânica,Termomecânica São Paulo S.A.
industrial,283,Sanofi Medley,Sanofi Medley Farmacêutica Ltda.
industrial,284,Supermercados ABC,Adição Distribuição Express S.A.
industrial,285,Cocari,Cocari Cooperativa Agropecuária e Industrial
industrial,286,Calçados Beira Rio,Calçados Beira Rio S.A.
industrial,287,Atakarejo,Atakarejo Distribuidor de Alimentos e Bebidas S.A.
industrial,288,Capal,Capal Cooperativa Agroindustrial
industrial,289,Agrofel,Agrofel Agro Comercial S.A.
industrial,290,BRK Ambiental,BRK Ambiental Participações S.A.
industrial,291,Grupo Cereal,Cereal Comércio Exportação Representação Agropecuária S.A.
industrial,292,Drogaria Araujo,Drogaria Araujo S.A.
industrial,293,Ihara,Iharabras S.A. Indústrias Químicas
industrial,294,FUABC,Fundação do ABC
industrial,295,American Tower do Brasil,American Tower do Brasil - Cessão de Infraestruturas S.A.
industrial,296,Copasul,Copasul Cooperativa Agrícola Sul Matogrossense
industrial,297,União Química,União Química Farmacêutica Nacional S.A.
industrial,298,Copercampos,Cooperativa Regional Agropecuária de Campos Novos
industrial,299,Embrapa,Empresa Brasileira de Pesquisa Agropecuária
industrial,300,ICL,ICL América do Sul S.A.
industrial,301,LM,LM Transportes Interestaduais Serviços e Comércio S.A.
industrial,302,Petrovia,Temape Terminais Marítimos de Pernambuco S.A.
industrial,303,Serena Energia,Serena Energia S.A.
industrial,304,Alpargatas,Alpargatas S.A.
industrial,305,Comerc Energia,Comerc Participações S.A.
industrial,306,Supermercado Bahamas,Supermercado Bahamas S.A.
industrial,307,Elcano,Empresa de Navegação Elcano S.A.
industrial,308,Gestamp Brasil,Gestamp Brasil Indústria de Autopeças S.A.
industrial,309,GTFoods,Gonçalves & Tortola S.A.
industrial,310,Alupar,Alupar Investimento S.A.
industrial,311,Coplacana,Cooperativa dos Plantadores de Cana do Estado São Paulo
industrial,312,Grupo Bemol,Bemol S.A.
industrial,313,Cury,Cury Construtora e Incorporadora S.A.
industrial,314,Serpro,Serviço Federal de Processamento de Dados Serpro
industrial,315,Prysmian Cabos e Sistemas do Brasil,Prysmian Cabos e Sistemas do Brasil S.A.
industrial,316,Grupo Alubar,Alubar Metais e Cabos S.A.
industrial,317,Auren Participações,Auren Participações S.A.
industrial,318,Saneago,Saneamento de Goiás S.A.
industrial,319,CSD,Companhia Sulamericana de Distribuição
industrial,320,Araguaia,Araguaia S.A.
industrial,321,Esho,Esho Empresa de Serviços Hospitalares S.A.
industrial,322,Ânima,Ânima Holding S.A.
industrial,323,Acciona,Acciona Construcción S.A.
industrial,324,Delta Sucroenergia,Delta Sucroenergia S.A.
industrial,325,Arroz Brejeiro,Produtos Alimentícios Orlândia S.A. Comércio e Indústria
industrial,326,Taesa,Transmissora Aliança de Energia Elétrica S.A.
industrial,327,Zilor,Grupo Zilor (Dados Combinados)
industrial,328,Cenibra,Celulose Nipo-Brasileira S.A. - Cenibra
industrial,329,Cerradinho,Cerradinho Bionergia S.A.
industrial,330,Usina de Açúcar Santa Terezinha,Usina de Açúcar Santa Terezinha Ltda.
industrial,331,Pedra Agroindustrial,Pedra Agroindustrial S.A.
industrial,332,Grupo Adecoagro,Adecoagro Brasil Participações S.A.
industrial,333,Verzani & Sandrini,Holding Verzani & Sandrini S.A.
industrial,334,Positivo,Positivo Tecnologia S.A.
industrial,335,Adama,Adama Brasil S.A.
industrial,336,SSA,São Salvador Alimentos Participações S.A.
industrial,337,Tenarisconfab,Confab Industrial S.A.
industrial,338,Grupo Frialto,Vale Grande Ind. e Com. de Alimentos S.A. - Em Recuperação Judicial
industrial,339,Abbott,Abbott Laboratórios do Brasil Ltda.
industrial,340,Jirau Energia,Jirau Energia S.A.
industrial,341,Distribuidora Santa Lúcia,Santa Lúcia Distribuidora de Combustíveis Ltda.
industrial,342,Fuga,Fuga S.A.
industrial,343,Hospital Sírio-Libanês,Sociedade Beneficente de Senhoras Hospital Sírio-Libanês
industrial,344,Cigás,Companhia de Gás do Amazonas - Cigás
industrial,345,Ajinomoto do Brasil,Ajinomoto do Brasil Indústria e Comércio de Alimentos Ltda.
industrial,346,Mexichem Brasil,Mexichem Brasil Ind. de Transformação Plástica Ltda.
industrial,347,Casa dos Ventos,Casa dos Ventos S.A.
industrial,348,Berneck,Berneck S.A. Painéis e Serrados
industrial,349,Frigol,Frigol S.A.
industrial,350,Facchini,Facchini S.A.
industrial,351,Supermercado Angeloni,A. Angeloni & Cia. Ltda.
industrial,352,Gasmig,Cia. de Gás de Minas Gerais Gasmig
industrial,353,Ugás Combustíveis,Flagler Combustíveis S.A.
industrial,354,Record,Rádio e Televisão Record S.A.
industrial,355,Braveo,Braveo S.A.
industrial,356,Giassi,Giassi & Cia Ltda.
industrial,357,Super Mercado Zona Sul,Super Mercado Zona Sul S.A.
industrial,358,South32 Minerals,South32 Minerals S.A.
industrial,359,Grupo Multi,Grupo Multi S.A.
industrial,360,Belenus,Belenus Ltda.
industrial,361,Direcional,Direcional Engenharia S.A.
industrial,362,Invepar,Investimentos e Participações em Infra-estrutura S.A. Invepar
industrial,363,Petz,Pet Center Comércio e Participações S.A.
industrial,364,Vibra Agroindustrial,Vibra Agroindustrial S.A.
industrial,365,Bahiagás,Cia. de Gás da Bahia Bahiagás
industrial,366,Bem Brasil Alimentos,Bem Brasil Alimentos S.A.
industrial,367,Afya,Afya Limited (Afya Participações S.A.)
industrial,368,Cocatrel,Cooperativa dos Cafeicultores da Zona de Três Pontas Ltda.
industrial,369,Construtora Tenda,Construtora Tenda S.A.
industrial,370,InterCement Brasil,InterCement Brasil S.A. - Em Recuperação Judicial
industrial,371,PetroRecôncavo,PetroRecôncavo S.A.
industrial,372,Cedae,Cia. Estadual de Águas e Esgotos - CEDAE
industrial,373,Grupo Comporte,Comporte Participações S.A.
industrial,374,Aura Minerals,Aura Minerals Inc.
industrial,375,Karoon Energy,Karoon Petróleo & Gás Ltda.
industrial,376,Cotrisal,Cooperativa Tritícola Sarandi Ltda.
industrial,377,Getnet,Getnet Adquirência e Serviços para Meios de Pagamento S.A.
industrial,378,Oi,Oi S.A. - Em Recuperação Judicial
industrial,379,Stihl,Stihl Ferramentas Motorizadas Ltda.
industrial,380,Vigor,Vigor Alimentos S.A.
industrial,381,Rede 7,Rede 7 S.A.
industrial,382,Unigel,Unigel Participações S.A.
industrial,383,Cagece,Companhia de Água e Esgoto do Ceará
industrial,384,Fundação Butantan,Fundação Butantan
industrial,385,WLM,WLM Participações e Comércio de Máquinas e Veículos S.A.
industrial,386,Grupo Melo Cordeiro,Grupo GMC Participações S.A.
industrial,387,J. Macêdo,J. Macêdo S.A.
industrial,388,Copérdia,Cooperativa de Produção e Consumo Concórdia
industrial,389,Grupo Decio,Decio Holding S.A.
industrial,390,Atlas Schindler,Elevadores Atlas Schindler Ltda.
industrial,391,Rissul,Unidasul Distribuidora Alimentícia S.A.
industrial,392,Vulcabras,Vulcabras S.A.
industrial,393,Metrô,Cia. do Metropolitano de São Paulo Metrô
industrial,394,Grupo CDM,CDM Holding S.A.
industrial,395,Grupo Nissei,Farmácia e Drogaria Nissei S.A.
industrial,396,Colombo Agroindústria,Angelina Colombo Participações S.A.
industrial,397,Columbia Trading,Columbia Trading S.A.
industrial,398,Metal Group,Metal Group Participações Ltda.
industrial,399,Sapore,Sapore S.A.
industrial,400,Arauco,Arauco do Brasil S.A.
industrial,401,Grupo Plaenge,Plaenge Participações S.A.
industrial,402,Fortbras,Fortbras Autopeças S.A.
industrial,403,Wilson Sons,Wilson Sons S.A.
industrial,404,Evonik,Evonik Brasil Ltda.
industrial,405,Oba Hortifruti,Grupo Fartura de Hortifrut S.A.
industrial,406,Santos Brasil,Santos Brasil Participações S.A.
industrial,407,Compesa,Cia. Pernambucana de Saneamento Compesa
industrial,408,Eucatex,Eucatex S.A. Indústria e Comércio
industrial,409,Comlurb,Companhia Municipal de Limpeza Urbana Comlurb
industrial,410,CJ Selecta,CJ Selecta S.A.
industrial,411,Algar Telecom,Algar Telecom S.A.
industrial,412,Toyo Setal,TS Participações e Investimentos S.A.
industrial,413,CMAA,Cia. Mineira de Açúcar e Álcool Participações
industrial,414,EDF Norte Fluminense,Usina Termelétrica Norte Fluminense S.A.
industrial,415,Log-In,Log-In Logística Intermodal S.A.
industrial,416,TecBan,Tecnologia Bancária S.A.
industrial,417,Ipiranga Agroindustrial,Ipiranga Agroindustrial S.A.
industrial,418,Libbs,Libbs Farmacêutica Ltda.
industrial,419,Matrix Energia,Matrix Energy Participações S.A.
industrial,420,Grupo Allos,Allos S.A.
industrial,421,Cobasi,Cobasi Comércio de Produtos Básicos e Industrializados S.A.
industrial,422,Grupo Cimed,Grupo Cimed
industrial,423,CEG Rio,CEG Rio S.A.
industrial,424,Mataboi Alimentos,Prima Foods S.A.
industrial,425,Friato,Nutriza Agroindustrial de Alimentos S.A.
industrial,426,Solví Participações,Solví Participações S.A.
industrial,427,Cejam,Centro de Estudos e Pesquisas Dr. João Amorim
industrial,428,Lojas Quero Quero,Lojas Quero Quero S.A.
industrial,429,Grupo Magnesita,Magnesita Refratários S.A.
industrial,430,Vipal Borrachas,Borrachas Vipal S.A.
industrial,431,Orígeo,Orígeo Comércio de Produtos Agropecuários S.A.
industrial,432,Merck,Merck S.A.
industrial,433,Grendene,Grendene S.A.
industrial,434,Iguá,Iguá Saneamento S.A.
industrial,435,Arco Brasil,Arco Educação S.A.
industrial,436,MGB,Marubeni Grãos Brasil S.A.
industrial,437,Mili,Mili S.A.
industrial,438,Arcelormittal Gonvarri,ArcelorMittal Gonvarri Brasil Produtos Siderúrgicos S.A.
industrial,439,Cantu Store,Cantu Store S.A.
industrial,440,Cocal,Cocal Comércio Indústria Canaã Açúcar e Álcool S.A.
industrial,441,Plano&Plano,Plano & Plano Desenvolvimento Imobiliário S.A.
industrial,442,Distribuidora Rio Branco de Petróleo,Distribuidora Rio Branco de Petróleo Ltda.
industrial,443,Arlanxeo Brasil,Arlanxeo Brasil S.A.
industrial,444,Caesb,Cia. de Saneamento Ambiental do Distrito Federal
industrial,445,Tristão,Tristão Cia. de Comércio Exterior
industrial,446,Vivara,Vivara Participações S.A.
industrial,447,CPTM,Companhia Paulista de Trens Metropolitanos - CPTM
industrial,448,Cruzeiro do Sul Educacional,Cruzeiro do Sul Educacional S.A.
industrial,449,Grupo GDM,GDM Genética do Brasil S.A.
industrial,450,Rede Santa Catarina,Associação Congregação de Santa Catarina
industrial,451,Multiplan Empreendimentos,Multiplan Empreendimentos Imobiliários S.A.
industrial,452,Logicalis Latin America,Logicalis Latin America Holding S.A.
industrial,453,Coty Brasil,Coty Brasil Comércio S.A.
industrial,454,Elgin,Elgin S.A.
industrial,455,Kalunga,Kalunga S.A.
industrial,456,Mineração Maracá,Mineração Maracá Indústria e Comércio S.A.
industrial,457,Cotripal,Cotripal Agropecuária Cooperativa
industrial,458,GJA Indústrias,GJA Indústrias S.A.
industrial,459,Petronas,Petronas Lubrificantes Brasil S.A.
industrial,460,EPR,EPR Participações S.A.
industrial,461,Heinz,Heinz Brasil S.A.
industrial,462,OCS Investimentos,OCS Investimentos S.A.
industrial,463,Copagril,Cooperativa Agroindustrial Copagril
industrial,464,Atento Brasil,Atento Brasil S.A.
industrial,465,Grupo Bazan,Bazan Participações S.A.
industrial,466,Nater Coop,Cooperativa Agropecuária Centro Serrana
industrial,467,Vicunha,Vicunha Têxtil S.A.
industrial,468,Coop,Coop - Cooperativa de Consumo
industrial,469,Binatural,Binatural Energias Renováveis S.A.
industrial,470,Nortox,Nortox S.A.
industrial,471,Elétron Energy,ECEL - Elétron Comercializadora de Energia S.A.
industrial,472,Trinity,Trinity Energias Renováveis S.A.
industrial,473,Portobello,PBG S.A.
industrial,474,Friomaster Participações,Friomaster Participações S.A.
industrial,475,Santher,Fábrica de Papel Santa Therezinha S.A.
industrial,476,Jacto,Máquinas Agrícolas Jacto S.A.
industrial,477,Picpay,Picpay Instituição de Pagamento S.A.
industrial,478,Destro Participações,Destro Participações S.A.
industrial,479,FQM,Grupo FQM Holding S.A.
industrial,480,BP - A Beneficência Portuguesa de São Paulo,Real e Benemérita Associação Portuguesa de Beneficência
industrial,481,Solfarma,Solfarma Comércio de Produtos Farmacêuticos S.A.
industrial,482,Fujioka,Fujioka Eletro Imagem S.A.
industrial,483,Zoetis,Zoetis Indústria de Produtos Veterinários Ltda.
industrial,484,GEES,GEES S.A.
industrial,485,Tramontina Cutelaria,Tramontina S.A. Cutelaria
industrial,486,Jalles Machado,Jalles Machado S.A.
industrial,487,CBC,Companhia Brasileira de Cartuchos
industrial,488,Flora,Flora Produtos de Higiene e Limpeza S.A.
industrial,489,Ourofino Agrociência,Ouro Fino Química S.A.
industrial,490,Holambra,Cooperativa AgroIndustrial Holambra
industrial,491,Esfera,Esfera Fidelidade S.A.
industrial,492,Kora Saúde,Kora Saúde Participações S.A.
industrial,493,Porto Serviço,Porto Serviço S.A.
industrial,494,Romagnole,Romagnole Produtos Elétricos S.A.
industrial,495,Cooperativa Tradição,Cooperativa Agroindustrial Tradição
industrial,496,Ferbasa,Cia. de Ferro Ligas da Bahia Ferbasa
industrial,497,Grupo CVLB,CVLB Brasil S.A.
industrial,498,Prodesp,Companhia de Processamento de Dados do Estado de São Paulo
industrial,499,Rede Mater Dei,Hospital Mater Dei S.A.
industrial,500,IMC,International Meal Company Alimentação S.A.
banks,1,Itaú Unibanco,Itaú Unibanco Holding S.A.
banks,2,Banco do Brasil,Banco do Brasil S.A.
banks,3,Bradesco,Banco Bradesco S.A.
banks,4,Caixa,Caixa Econômica Federal
banks,5,Santander,Banco Santander (Brasil) S.A.
banks,6,BTG Pactual,Banco BTG Pactual S.A.
banks,7,Sicredi,Sistema Cooperativo Sicredi
banks,8,Sicoob,Sistema de Cooperativas de Crédito do Brasil
banks,9,Safra,Banco Safra S.A.
banks,10,Citibank,Banco Citibank S.A.
banks,11,Banco XP,Banco XP S.A.
banks,12,Banrisul,Banco do Estado do Rio Grande do Sul S.A.
banks,13,BV,Banco Votorantim S.A.
banks,14,J. P. Morgan,Banco J.P. Morgan S.A.
banks,15,Nubank,NU Pagamentos S.A.
banks,16,BNP Paribas,Banco BNP Paribas Brasil S.A.
banks,17,Daycoval,Banco Daycoval S.A.
banks,18,C6,Banco C6 S.A.
banks,19,Banco Inter,Banco Inter S.A.
banks,20,ABC Brasil,Banco ABC Brasil S.A.
banks,21,Banco do Nordeste,Banco do Nordeste do Brasil S.A.
banks,22,Master,Banco Master S.A.
banks,23,Rabobank International,Banco Rabobank International Brasil S.A.
banks,24,BRB,BRB - Banco de Brasília S.A.
banks,25,Banco da Amazônia,Banco da Amazônia S.A.
banks,26,Volkswagen,Banco Volkswagen S.A.
banks,27,BMG,Banco BMG S.A.
banks,28,Goldman Sachs,Goldman Sachs do Brasil Banco Múltiplo S.A.
banks,29,Bank of America Merrill Lynch,Bank of America Merrill Lynch Banco Múltiplo S.A.
banks,30,BancoSeguro,BancoSeguro S.A.
banks,31,Mizuho,Banco Mizuho do Brasil S.A.
banks,32,Banestes,Banestes S.A. Banco do Estado do Espírito Santo
banks,33,MUFG Brasil,Banco MUFG Brasil S.A.
banks,34,BOCOM BBM,Banco Bocom BBM S.A.
banks,35,Clássico,Banco Clássico S.A.
banks,36,Deutsche Bank,Deutsche Bank S.A. - Banco Alemão
banks,37,Agibank,Banco Agibank S.A.
banks,38,CNH Capital,Banco CNH Industrial Capital S.A.
banks,39,Pine,Banco Pine S.A.
banks,40,Original,Banco Original S.A.
banks,41,Crédit Agricole,Banco Crédit Agricole Brasil S.A.
banks,42,PicPay Bank,PicPay Bank - Banco Múltiplo S.A.
banks,43,Mercantil do Brasil,Banco Mercantil do Brasil S.A.
banks,44,Morgan Stanley,Banco Morgan Stanley S.A.
banks,45,Société Générale Brasil,Banco Société Générale Brasil S.A.
banks,46,HSBC,Banco HSBC S.A.
banks,47,Carrefour Soluções Financeiras,Banco CSF S.A.
banks,48,Fibra,Banco Fibra S.A.
banks,49,Mercedes-Benz,Banco Mercedes-Benz do Brasil S.A.
banks,50,Credit Suisse,Banco de Investimentos Credit Suisse (Brasil) S.A.
banks,51,Banpará,Banco do Estado do Pará S.A.
banks,52,GM,Banco GM S.A.
banks,53,Volvo,Banco Volvo (Brasil) S.A.
banks,54,John Deere,Banco John Deere S.A.
banks,55,Sofisa,Banco Sofisa S.A.
banks,56,Scania,Scania Banco S.A.
banks,57,De Lage Landen,Banco de Lage Landen Brasil S.A.
banks,58,BR Partners,BR Partners Banco de Investimento S.A.
banks,59,Scotiabank,Scotiabank Brasil S.A. Banco Múltiplo
banks,60,RCI Brasil,Banco RCI Brasil S.A.
banks,61,Sumitomo Mitsui,Banco Sumitomo Mitsui Brasileiro S.A.
banks,62,Banese,Banco do Estado de Sergipe S.A.
banks,63,Toyota do Brasil,Banco Toyota do Brasil S.A.
banks,64,BS2,Banco BS2 S.A.
banks,65,Stellantis,Banco Stellantis S.A.
banks,66,Paraná,Paraná Banco S.A.
banks,67,Banco Inbursa,Banco Inbursa S.A.
banks,68,Honda,Banco Honda S.A.
banks,69,Digimais,Banco Digimais S.A.
banks,70,Paccar,Banco Paccar S.A.
banks,71,Voiter,Banco Voiter S.A.
banks,72,Industrial do Brasil,Banco Industrial do Brasil S.A.
banks,73,Hyundai Capital,Banco Hyundai Capital Brasil S.A.
banks,74,Haitong,Haitong Banco de Investimento do Brasil S.A.
banks,75,Caterpillar,Banco Caterpillar S.A.
banks,76,Ouribank,Ouribank S.A. Banco Múltiplo
banks,77,Intesa Sanpaolo,Intesa Sanpaolo Brasil S.A. - Banco Múltiplo
banks,78,Tribanco,Banco Triângulo S.A.
banks,79,Yamaha Motor,Banco Yamaha Motor do Brasil S.A.
banks,80,Banco da China,Banco da China Brasil S.A.
banks,81,NBC Bank,Novo Banco Continental S.A. - Banco Múltiplo
banks,82,Rendimento,Banco Rendimento S.A.
banks,83,Cargill,Banco Cargill S.A.
banks,84,ABN AMRO,Banco ABN AMRO Clearing S.A.
banks,85,Rodobens,Banco Rodobens S.A.
banks,86,Genial,Banco Genial S.A.
banks,87,Luso Brasileiro,Banco Luso Brasileiro S.A.
banks,88,Omni,Omni Banco S.A.
banks,89,KDB,Banco KDB do Brasil S.A.
banks,90,State Street Brasil,State Street Brasil S.A. - Banco Comercial
banks,91,Andbank,Banco Andbank Brasil S.A.
banks,92,Crefisa,Banco Crefisa S.A.
banks,93,Randon,Banco Randon S.A.
banks,94,IBM,Banco IBM S.A.
banks,95,Guanabara,Banco Guanabara S.A.
banks,96,Topázio,Banco Topázio S.A.
banks,97,Caixa Geral,Banco Caixa Geral - Brasil S.A.
banks,98,BBC,Banco Brasileiro de Crédito S.A.
banks,99,BRP,Banco Ribeirão Preto S.A.
banks,100,ICBC Brasil,ICBC do Brasil Banco Múltiplo S.A.
insurers,1,Bradesco Seguros,Bradesco Seguros S.A.
insurers,2,SulAmérica,Sul América S.A.
insurers,3,Porto Seguro,Porto Seguro S.A.
insurers,4,Mapfre Brasil,Mapfre Brasil Participações S.A.
insurers,5,Brasilseg,Brasilseg Companhia de Seguros
insurers,6,Tokio Marine,Tokio Marine Seguradora S.A.
insurers,7,Allianz Seguros,Allianz Seguros S.A.
insurers,8,Yelum Seguradora,Yelum Seguros S.A.
insurers,9,Zurich Minas Brasil,Zurich Minas Brasil Seguros S.A.
insurers,10,Itaú Seguros,Itaú Seguros S.A.
insurers,11,HDI Seguros,HDI Seguros S.A.
insurers,12,Chubb Seguros,Chubb Seguros Brasil S.A.
insurers,13,Caixa Seguradora (CNP/Caixa Seguridade),Caixa Seguradora S.A.
insurers,14,Sompo Seguros,Sompo Seguros S.A.
insurers,15,XS3 Seguros (Caixa Seguridade),XS3 Seguros S.A.
insurers,16,AXA,AXA Seguros S.A.
insurers,17,Cardif,Cardif do Brasil Seguros e Garantias S.A.
insurers,18,Zurich Santander Brasil,Zurich Santander Brasil Seguros S.A.
insurers,19,Generali Brasil,Generali Brasil Seguros S.A.
insurers,20,Fairfax,Fairfax Brasil Seguros Corporativos S.A.
insurers,21,HDI Global,HDI Global Seguros S.A.
insurers,22,Swiss Re,Swiss Re Corporate Solutions Brasil Seguros S.A.
insurers,23,AIG Seguros,AIG Seguros Brasil S.A.
insurers,24,Suhai,Suhai Seguradora S.A.
insurers,25,Assurant,Assurant Seguradora S.A.
insurers,26,EZZE,EZZE Seguros S.A.
insurers,27,Starr,STARR International Brasil Seguradora S.A.
insurers,28,Sura,Seguros Sura S.A.
insurers,29,Essor,Essor Seguros S.A.
insurers,30,Pottencial,Pottencial Seguradora S.A.
insurers,31,Austral,Austral Seguradora S.A.
insurers,32,AKAD,AKAD Seguros S.A.
insurers,33,Aliança do Brasil,Aliança do Brasil Seguros S.A.
insurers,34,Kovr,Kovr Seguradora S.A.
insurers,35,Fator Seguradora,Fator Seguradora S.A.
insurers,36,Mitsui Sumitomo,Mitsui Sumitomo Seguros S.A.
insurers,37,Junto,Junto Seguros S.A.
insurers,38,Alfa Seguradora,Alfa Seguradora S.A.
insurers,39,Sancor,Sancor Seguros do Brasil S.A.
insurers,40,Berkley International Brasil,Berkley International do Brasil Seguros S.A.
insurers,41,Excelsior,Companhia Excelsior de Seguros
insurers,42,Sombrero,Sombrero Seguros S.A
insurers,43,Banestes Seguros,Banestes Seguros S.A.
insurers,44,Santander Auto,Santander Auto S.A.
insurers,45,HDI Seguros do Brasil,HDI Seguros do Brasil S.A.
insurers,46,Gente Seguradora,Gente Seguradora S.A.
insurers,47,BMG Seguros,BMG Seguros S.A.
insurers,48,Euler Hermes,Euler Hermes Seguros S.A.
insurers,49,Gazin,Gazin Seguros S.A.
insurers,50,Coface Brasil,Coface do Brasil Seguros de Crédito S.A.
